antecedent,consequent,confidence,lift,support
"[""3/4 STL S/SCR EMT CONN"",""18-10      RED     WIRE CONN"",""12-1C THHN 600V CU-19STR PVC 90D NYL-BLK 500S/R WIRE""]","[""\""3/4\""\"" X 10FT EMT STL HDG PXP CONDUIT\""""]",0.9977246871444824,1.8434672665822356,0.1108092741171268
"[""3/4 STL S/SCR EMT CONN"",""18-10      RED     WIRE CONN"",""12-1C THHN 600V CU-19STR PVC 90D NYL-BLK 500S/R WIRE""]","[""3/4 STL S/SCR EMT CPLG""]",0.9709897610921502,5.162847473405322,0.10784004043211827
"[""4SQ 1-1/2D BOX COMB KO"",""10-1C THHN 600V CU-19STR PVC 90D NYL-BLK 500S/R WIRE"",""18-10      RED     WIRE CONN""]","[""\""3/4\""\"" X 10FT EMT STL HDG PXP CONDUIT\""""]",0.9432933478735005,1.7428960433628622,0.10929306968222882
"[""3/4 STL S/SCR EMT CPLG"",""4SQ 1-1/2D BOX COMB KO"",""\""3/4\""\"" X 10FT EMT STL HDG PXP CONDUIT\""""]","[""4IN SQ FLAT BLANK COVER""]",0.9024775962045335,2.6269433376832585,0.10815591635605534
"[""3/4 STL S/SCR EMT CPLG"",""4SQ 1-1/2D BOX COMB KO"",""\""3/4\""\"" X 10FT EMT STL HDG PXP CONDUIT\""""]","[""3/4 STL S/SCR EMT CONN""]",0.9551924090669478,5.068635817338491,0.1144734348347969
"[""3/4 STL S/SCR EMT CPLG"",""3/4 STL S/SCR EMT CONN"",""18-10      RED     WIRE CONN"",""12-1C THHN 600V CU-19STR PVC 90D NYL-BLK 500S/R WIRE""]","[""\""3/4\""\"" X 10FT EMT STL HDG PXP CONDUIT\""""]",0.9976567076742824,1.8433416628663728,0.1075873396929686
"[""3/4 STL S/SCR EMT CONN"",""18-10      RED     WIRE CONN"",""12-1C THHN 600V CU-19STR PVC 90D NYL-BLK 500S/R WIRE"",""\""3/4\""\"" X 10FT EMT STL HDG PXP CONDUIT\""""]","[""3/4 STL S/SCR EMT CPLG""]",0.9709236031927024,5.162495705387063,0.1075873396929686
"[""8-10X7/8 PLSTC WALL ANCH"",""4SQ 1-1/2D BOX COMB KO"",""\""3/4\""\"" X 10FT EMT STL HDG PXP CONDUIT\""""]","[""4IN SQ FLAT BLANK COVER""]",0.9121655729429581,2.655143224368165,0.11415755891085981
"[""4IN SQ 5/8D 1G SW RING"",""4SQ 1-1/2D BOX COMB KO"",""12-1C THHN 600V CU-19STR PVC 90D NYL-BLK 500S/R WIRE"",""\""3/4\""\"" X 10FT EMT STL HDG PXP CONDUIT\""""]","[""4IN SQ FLAT BLANK COVER""]",0.9366125760649088,2.7263038739484076,0.11668456630235644
"[""8-10X7/8 PLSTC WALL ANCH"",""4SQ 1-1/2D BOX COMB KO"",""18-10      RED     WIRE CONN"",""\""3/4\""\"" X 10FT EMT STL HDG PXP CONDUIT\""""]","[""4IN SQ FLAT BLANK COVER""]",0.9127743387732132,2.656915227738358,0.10247014972518795
"[""8-10X7/8 PLSTC WALL ANCH"",""4SQ 1-1/2D BOX COMB KO"",""18-10      RED     WIRE CONN"",""\""3/4\""\"" X 10FT EMT STL HDG PXP CONDUIT\""""]","[""12-1C THHN 600V CU-19STR PVC 90D NYL-BLK 500S/R WIRE""]",0.9482273494653911,2.3382911224003236,0.10645018636679512
"[""GRND SCR W/12SOL PIGTAIL"",""18-10      RED     WIRE CONN"",""4IN SQ FLAT BLANK COVER"",""12-1C THHN 600V CU-19STR PVC 90D NYL-BLK 500S/R WIRE""]","[""\""3/4\""\"" X 10FT EMT STL HDG PXP CONDUIT\""""]",0.935656836461126,1.7287862804182517,0.11024069745404005
"[""4IN SQ FLAT BLANK COVER"",""12-1C THHN 600V CU-19STR PVC 90D NYL-BLK 500S/R WIRE""]","[""\""3/4\""\"" X 10FT EMT STL HDG PXP CONDUIT\""""]",0.9044218621257896,1.6710743148814198,0.20803588350495925
"[""1/2&3/4 COND BOX SUPP"",""4IN SQ FLAT BLANK COVER""]","[""\""3/4\""\"" X 10FT EMT STL HDG PXP CONDUIT\""""]",0.9423376623376624,1.741130250629492,0.11459978520437172
"[""8-10X7/8 PLSTC WALL ANCH"",""4SQ 1-1/2D BOX COMB KO"",""18-10      RED     WIRE CONN"",""12-1C THHN 600V CU-19STR PVC 90D NYL-BLK 500S/R WIRE""]","[""4IN SQ FLAT BLANK COVER""]",0.9136971046770601,2.6596012265415934,0.10367047823614885
"[""8-10X7/8 PLSTC WALL ANCH"",""4SQ 1-1/2D BOX COMB KO"",""18-10      RED     WIRE CONN"",""12-1C THHN 600V CU-19STR PVC 90D NYL-BLK 500S/R WIRE""]","[""\""3/4\""\"" X 10FT EMT STL HDG PXP CONDUIT\""""]",0.938195991091314,1.7334778035466802,0.10645018636679512
"[""3/4 STL S/SCR EMT CPLG"",""3/4 STL S/SCR EMT CONN"",""4SQ 1-1/2D BOX COMB KO"",""18-10      RED     WIRE CONN""]","[""\""3/4\""\"" X 10FT EMT STL HDG PXP CONDUIT\""""]",0.995679012345679,1.8396875319738244,0.10190157306210121
"[""\""1-1/4\""\"" X 10FT EMT STL HDG PXP CONDUIT\"""",""\""1\""\"" X 10FT EMT STL HDG PXP CONDUIT\"""",""LIQ-TITE""]","[""\""3/4\""\"" X 10FT EMT STL HDG PXP CONDUIT\""""]",0.9826302729528535,1.8155777507377984,0.10006949270326616
"[""GRND SCR W/12SOL PIGTAIL"",""4IN SQ 5/8D 1G SW RING"",""4SQ 1-1/2D BOX COMB KO"",""4IN SQ FLAT BLANK COVER""]","[""\""3/4\""\"" X 10FT EMT STL HDG PXP CONDUIT\""""]",0.9043624161073825,1.670964478179498,0.10215427380125087
"[""10X1 PAN PHIL TAP SCR 100/BX"",""4SQ 1-1/2D BOX COMB KO""]","[""18-10      RED     WIRE CONN""]",0.9195979899497487,2.6841815568715788,0.10404952934487334
"[""10X1 PAN PHIL TAP SCR 100/BX"",""4SQ 1-1/2D BOX COMB KO""]","[""\""3/4\""\"" X 10FT EMT STL HDG PXP CONDUIT\""""]",0.9101060859854829,1.6815768921517695,0.10297555120348727
"[""GRND SCR W/12SOL PIGTAIL"",""10-1C THHN 600V CU-19STR PVC 90D NYL-BLK 500S/R WIRE""]","[""\""3/4\""\"" X 10FT EMT STL HDG PXP CONDUIT\""""]",0.91455078125,1.6897892280152036,0.11832712110682923
"[""LOW PROF SELF TAP SCREW"",""4IN SQ FLAT BLANK COVER"",""12-1C THHN 600V CU-19STR PVC 90D NYL-BLK 500S/R WIRE""]","[""\""3/4\""\"" X 10FT EMT STL HDG PXP CONDUIT\""""]",0.9558303886925795,1.7660603738315444,0.10253332490997537
"[""3/4 STL S/SCR EMT CPLG"",""4SQ 1-1/2D BOX COMB KO"",""4IN SQ FLAT BLANK COVER"",""\""3/4\""\"" X 10FT EMT STL HDG PXP CONDUIT\""""]","[""3/4 STL S/SCR EMT CONN""]",0.9754672897196262,5.17622250384578,0.10550255859498389
"[""4IN SQ 5/8D 1G SW RING"",""4IN SQ FLAT BLANK COVER"",""\""1\""\"" X 10FT EMT STL HDG PXP CONDUIT\""""]","[""\""3/4\""\"" X 10FT EMT STL HDG PXP CONDUIT\""""]",0.9798032107716209,1.8103542690911623,0.11952744961779013
"[""4IN SQ 5/8D 1G SW RING"",""4SQ 1-1/2D BOX COMB KO"",""18-10      RED     WIRE CONN"",""12-1C THHN 600V CU-19STR PVC 90D NYL-BLK 500S/R WIRE"",""\""3/4\""\"" X 10FT EMT STL HDG PXP CONDUIT\""""]","[""4IN SQ FLAT BLANK COVER""]",0.9498229043683589,2.7647566666507455,0.10164887232295154
"[""8-10X7/8 PLSTC WALL ANCH"",""4SQ 1-1/2D BOX COMB KO"",""12-1C THHN 600V CU-19STR PVC 90D NYL-BLK 500S/R WIRE""]","[""18-10      RED     WIRE CONN""]",0.9578666666666666,2.795882623394185,0.11346263187819824
"[""8-10X7/8 PLSTC WALL ANCH"",""4SQ 1-1/2D BOX COMB KO"",""12-1C THHN 600V CU-19STR PVC 90D NYL-BLK 500S/R WIRE""]","[""4IN SQ FLAT BLANK COVER""]",0.9162666666666667,2.6670807404683092,0.10853496746477984
"[""8-10X7/8 PLSTC WALL ANCH"",""4SQ 1-1/2D BOX COMB KO"",""12-1C THHN 600V CU-19STR PVC 90D NYL-BLK 500S/R WIRE""]","[""\""3/4\""\"" X 10FT EMT STL HDG PXP CONDUIT\""""]",0.9365333333333333,1.7304057585307964,0.11093562448670162
"[""GRND SCR W/12SOL PIGTAIL"",""10-1C THHN 600V CU-19STR PVC 90D NYL-BLK 500S/R WIRE"",""12-1C THHN 600V CU-19STR PVC 90D NYL-BLK 500S/R WIRE""]","[""\""3/4\""\"" X 10FT EMT STL HDG PXP CONDUIT\""""]",0.9426136363636364,1.7416401599159566,0.10480763156232233
"[""4SQ 2-1/8D BOX COMB KO"",""12-1C THHN 600V CU-19STR PVC 90D NYL-BLK 500S/R WIRE""]","[""\""3/4\""\"" X 10FT EMT STL HDG PXP CONDUIT\""""]",0.9089147286821705,1.6793756554581623,0.11851664666119148
"[""8-10X7/8 PLSTC WALL ANCH"",""12-1C THHN 600V CU-19STR PVC 90D NYL-BLK 500S/R WIRE"",""\""3/4\""\"" X 10FT EMT STL HDG PXP CONDUIT\""""]","[""18-10      RED     WIRE CONN""]",0.9133000453926464,2.66579871261667,0.12710847179228
"[""18-10      RED     WIRE CONN"",""\""1\""\"" X 10FT EMT STL HDG PXP CONDUIT\""""]","[""\""3/4\""\"" X 10FT EMT STL HDG PXP CONDUIT\""""]",0.95625,1.7668356776000935,0.1643186556320677
"[""\""1-1/4\""\"" X 10FT EMT STL HDG PXP CONDUIT\"""",""18-10      RED     WIRE CONN""]","[""\""3/4\""\"" X 10FT EMT STL HDG PXP CONDUIT\""""]",0.9712918660287081,1.7946281017122003,0.10259650009476277
"[""DPLX RCPT NEMA5-20R"",""4IN SQ FLAT BLANK COVER"",""12-1C THHN 600V CU-19STR PVC 90D NYL-BLK 500S/R WIRE""]","[""\""3/4\""\"" X 10FT EMT STL HDG PXP CONDUIT\""""]",0.9656428943258719,1.7841906588402272,0.11718996778065575
"[""\""2\""\"" X 10FT EMT STL HDG PXP CONDUIT\"""",""LIQ-TITE""]","[""\""3/4\""\"" X 10FT EMT STL HDG PXP CONDUIT\""""]",0.9279231179925254,1.7144969107860026,0.10979847116052814
"[""LOW PROF SELF TAP SCREW"",""4SQ 1-1/2D BOX COMB KO"",""\""3/4\""\"" X 10FT EMT STL HDG PXP CONDUIT\""""]","[""4IN SQ FLAT BLANK COVER""]",0.9151685393258427,2.6638842973499015,0.10291237601869986
"[""4IN SQ 5/8D 1G SW RING"",""18-10      RED     WIRE CONN"",""12-1C THHN 600V CU-19STR PVC 90D NYL-BLK 500S/R WIRE"",""\""3/4\""\"" X 10FT EMT STL HDG PXP CONDUIT\""""]","[""4IN SQ FLAT BLANK COVER""]",0.9208074534161491,2.6802981206554293,0.11238865373681219
"[""3/4 STL S/SCR EMT CONN"",""GRND SCR W/12SOL PIGTAIL"",""\""3/4\""\"" X 10FT EMT STL HDG PXP CONDUIT\""""]","[""3/4 STL S/SCR EMT CPLG""]",0.9755959137343927,5.187338837252839,0.10859814264956726
"[""DPLX RCPT NEMA5-20R"",""18-10      RED     WIRE CONN"",""4IN SQ FLAT BLANK COVER""]","[""\""3/4\""\"" X 10FT EMT STL HDG PXP CONDUIT\""""]",0.9372481289579735,1.7317264658895486,0.10284920083391244
"[""4IN SQ 5/8D 1G SW RING"",""10-1C THHN 600V CU-19STR PVC 90D NYL-BLK 500S/R WIRE"",""12-1C THHN 600V CU-19STR PVC 90D NYL-BLK 500S/R WIRE""]","[""4IN SQ FLAT BLANK COVER""]",0.9088960342979635,2.6456262094340683,0.10714511339945669
"[""4IN SQ 5/8D 1G SW RING"",""10-1C THHN 600V CU-19STR PVC 90D NYL-BLK 500S/R WIRE"",""12-1C THHN 600V CU-19STR PVC 90D NYL-BLK 500S/R WIRE""]","[""\""3/4\""\"" X 10FT EMT STL HDG PXP CONDUIT\""""]",0.9560557341907824,1.7664767382404452,0.11270452966074926
"[""4IN SQ 5/8D 1G SW RING"",""4SQ 1-1/2D BOX COMB KO"",""18-10      RED     WIRE CONN"",""12-1C THHN 600V CU-19STR PVC 90D NYL-BLK 500S/R WIRE""]","[""4IN SQ FLAT BLANK COVER""]",0.9378179762577727,2.7298125682575,0.10480763156232233
"[""4IN SQ 5/8D 1G SW RING"",""4SQ 1-1/2D BOX COMB KO"",""18-10      RED     WIRE CONN"",""12-1C THHN 600V CU-19STR PVC 90D NYL-BLK 500S/R WIRE""]","[""\""3/4\""\"" X 10FT EMT STL HDG PXP CONDUIT\""""]",0.9576031656302996,1.7693358828950638,0.10701876302988186
"[""GRND SCR W/12SOL PIGTAIL"",""4IN SQ 5/8D 1G SW RING"",""18-10      RED     WIRE CONN"",""4IN SQ FLAT BLANK COVER""]","[""\""3/4\""\"" X 10FT EMT STL HDG PXP CONDUIT\""""]",0.9344632768361582,1.7265809745581355,0.10449175563838524
"[""GRND SCR W/12SOL PIGTAIL"",""4IN SQ 5/8D 1G SW RING"",""18-10      RED     WIRE CONN"",""4IN SQ FLAT BLANK COVER""]","[""4SQ 1-1/2D BOX COMB KO""]",0.9,3.2230995475113122,0.1006380693663529
"[""6-1C THHN 600V CU-19STR PVC 90D NYL-BLK 500RL WIRE"",""12-1C THHN 600V CU-19STR PVC 90D NYL-BLK 500S/R WIRE""]","[""\""3/4\""\"" X 10FT EMT STL HDG PXP CONDUIT\""""]",0.9102344196683819,1.6818140106140793,0.10057489418156548
"[""4SQ 2-1/8D BOX COMB KO"",""4SQ 1-1/2D BOX COMB KO""]","[""4IN SQ FLAT BLANK COVER""]",0.934040047114252,2.718815723753493,0.10019584307284099
"[""GRND SCR W/12SOL PIGTAIL"",""4IN SQ 5/8D 1G SW RING"",""4IN SQ FLAT BLANK COVER"",""12-1C THHN 600V CU-19STR PVC 90D NYL-BLK 500S/R WIRE""]","[""\""3/4\""\"" X 10FT EMT STL HDG PXP CONDUIT\""""]",0.9691289966923925,1.7906318301206818,0.11106197485627646
"[""3/4 STL S/SCR EMT CPLG"",""3/4 STL S/SCR EMT CONN"",""4IN SQ FLAT BLANK COVER""]","[""\""3/4\""\"" X 10FT EMT STL HDG PXP CONDUIT\""""]",0.9950298210735586,1.8384880398941705,0.12647671994440585
"[""10-1C THHN 600V CU-19STR PVC 90D NYL-BLK 500S/R WIRE"",""4IN SQ FLAT BLANK COVER"",""12-1C THHN 600V CU-19STR PVC 90D NYL-BLK 500S/R WIRE""]","[""\""3/4\""\"" X 10FT EMT STL HDG PXP CONDUIT\""""]",0.9666056724611162,1.78596955636594,0.13348916545580897
"[""3/4 STL S/SCR EMT CONN"",""4IN SQ FLAT BLANK COVER"",""12-1C THHN 600V CU-19STR PVC 90D NYL-BLK 500S/R WIRE""]","[""3/4 STL S/SCR EMT CPLG""]",0.9738372093023255,5.1779876338752135,0.10581843451892096
"[""3/4 STL S/SCR EMT CONN"",""4IN SQ FLAT BLANK COVER"",""12-1C THHN 600V CU-19STR PVC 90D NYL-BLK 500S/R WIRE""]","[""\""3/4\""\"" X 10FT EMT STL HDG PXP CONDUIT\""""]",0.9959302325581395,1.8401517043495728,0.10821909154084276
"[""\""1/2\""\"" X 10FT EMT STL HDG PXP CONDUIT\"""",""10-1C THHN 600V CU-19STR PVC 90D NYL-BLK 500S/R WIRE""]","[""12-1C THHN 600V CU-19STR PVC 90D NYL-BLK 500S/R WIRE""]",0.907530454042082,2.2379341886636728,0.103544127866574
"[""\""1/2\""\"" X 10FT EMT STL HDG PXP CONDUIT\"""",""10-1C THHN 600V CU-19STR PVC 90D NYL-BLK 500S/R WIRE""]","[""\""3/4\""\"" X 10FT EMT STL HDG PXP CONDUIT\""""]",0.9485049833887044,1.752525432713879,0.10821909154084276
"[""3/4 STL S/SCR EMT CONN"",""4SQ 1-1/2D BOX COMB KO"",""4IN SQ FLAT BLANK COVER"",""\""3/4\""\"" X 10FT EMT STL HDG PXP CONDUIT\""""]","[""3/4 STL S/SCR EMT CPLG""]",0.9771796372147454,5.195759649805914,0.10550255859498389
"[""3/4 STL S/SCR EMT CONN"",""4SQ 1-1/2D BOX COMB KO"",""18-10      RED     WIRE CONN"",""\""3/4\""\"" X 10FT EMT STL HDG PXP CONDUIT\""""]","[""3/4 STL S/SCR EMT CPLG""]",0.9793564055859137,5.207333740013245,0.10190157306210121
"[""\""1\""\"" X 10FT EMT STL HDG PXP CONDUIT\"""",""12-1C THHN 600V CU-19STR PVC 90D NYL-BLK 500S/R WIRE""]","[""\""3/4\""\"" X 10FT EMT STL HDG PXP CONDUIT\""""]",0.9619016606968415,1.7772780888491075,0.1866194958620254
"[""LOW PROF SELF TAP SCREW"",""4IN SQ 5/8D 1G SW RING"",""4IN SQ FLAT BLANK COVER""]","[""\""3/4\""\"" X 10FT EMT STL HDG PXP CONDUIT\""""]",0.936046511627907,1.729506272039003,0.10171204750773896
"[""4IN SQ 5/8D 1G SW RING"",""\""1\""\"" X 10FT EMT STL HDG PXP CONDUIT\""""]","[""\""3/4\""\"" X 10FT EMT STL HDG PXP CONDUIT\""""]",0.9568378009995456,1.7679217406352057,0.13304693916229704
"[""4IN SQ 5/8D 1G SW RING"",""4SQ 1-1/2D BOX COMB KO"",""18-10      RED     WIRE CONN""]","[""4IN SQ FLAT BLANK COVER""]",0.9054307116104869,2.6355393038033097,0.12218080737886158
"[""4IN SQ 5/8D 1G SW RING"",""\""1\""\"" X 10FT EMT STL HDG PXP CONDUIT\"""",""12-1C THHN 600V CU-19STR PVC 90D NYL-BLK 500S/R WIRE""]","[""\""3/4\""\"" X 10FT EMT STL HDG PXP CONDUIT\""""]",0.9845238095238096,1.8190763839094644,0.10449175563838524
"[""3/4 STL S/SCR EMT CPLG"",""GRND SCR W/12SOL PIGTAIL""]","[""\""3/4\""\"" X 10FT EMT STL HDG PXP CONDUIT\""""]",0.9960045662100456,1.8402890485045889,0.11024069745404005
"[""3/4 STL S/SCR EMT CPLG"",""GRND SCR W/12SOL PIGTAIL""]","[""3/4 STL S/SCR EMT CONN""]",0.9851598173515982,5.227654961065521,0.10904036894307916
"[""10X1 PAN PHIL TAP SCR 100/BX"",""4IN SQ FLAT BLANK COVER""]","[""\""3/4\""\"" X 10FT EMT STL HDG PXP CONDUIT\""""]",0.9157836029001674,1.6920670771923367,0.10373365342093625
"[""GRND SCR W/12SOL PIGTAIL"",""4IN SQ FLAT BLANK COVER"",""12-1C THHN 600V CU-19STR PVC 90D NYL-BLK 500S/R WIRE""]","[""\""3/4\""\"" X 10FT EMT STL HDG PXP CONDUIT\""""]",0.9330922242314648,1.7240477200139903,0.1303935814012256
"[""3/4 STL S/SCR EMT CPLG"",""4IN SQ 5/8D 1G SW RING"",""\""3/4\""\"" X 10FT EMT STL HDG PXP CONDUIT\""""]","[""3/4 STL S/SCR EMT CONN""]",0.976231884057971,5.180279749498365,0.1063870111820077
"[""3/4 STL S/SCR EMT CONN"",""12-1C THHN 600V CU-19STR PVC 90D NYL-BLK 500S/R WIRE""]","[""\""3/4\""\"" X 10FT EMT STL HDG PXP CONDUIT\""""]",0.9839154411764706,1.8179523191761822,0.1352580706298566
"[""3/4 STL S/SCR EMT CONN"",""12-1C THHN 600V CU-19STR PVC 90D NYL-BLK 500S/R WIRE""]","[""3/4 STL S/SCR EMT CPLG""]",0.9540441176470589,5.072745830781087,0.13115168361867457
"[""\""1-1/4\""\"" X 10FT EMT STL HDG PXP CONDUIT\"""",""12-1C THHN 600V CU-19STR PVC 90D NYL-BLK 500S/R WIRE""]","[""\""3/4\""\"" X 10FT EMT STL HDG PXP CONDUIT\""""]",0.9704797047970479,1.7931274947160583,0.11630551519363194
"[""3/4 STL S/SCR EMT CPLG"",""3/4 STL S/SCR EMT CONN"",""10-1C THHN 600V CU-19STR PVC 90D NYL-BLK 500S/R WIRE""]","[""\""3/4\""\"" X 10FT EMT STL HDG PXP CONDUIT\""""]",0.9844623990055935,1.8189629174576327,0.10006949270326616
"[""3/4 STL S/SCR EMT CONN"",""4SQ 1-1/2D BOX COMB KO"",""18-10      RED     WIRE CONN""]","[""3/4 STL S/SCR EMT CPLG""]",0.976491862567812,5.192102684778601,0.10234379935561312
"[""3/4 STL S/SCR EMT CONN"",""4SQ 1-1/2D BOX COMB KO"",""18-10      RED     WIRE CONN""]","[""\""3/4\""\"" X 10FT EMT STL HDG PXP CONDUIT\""""]",0.9927667269439421,1.8343065858288385,0.10404952934487334
"[""12-1C THHN 600V CU-19STR PVC 90D NYL-GRN 500S/R WIRE""]","[""12-1C THHN 600V CU-19STR PVC 90D NYL-BLK 500S/R WIRE""]",0.9388065374382364,2.3150597727231412,0.1560427064249163
"[""4SQ 1-1/2D BOX COMB KO"",""\""1\""\"" X 10FT EMT STL HDG PXP CONDUIT\"""",""\""3/4\""\"" X 10FT EMT STL HDG PXP CONDUIT\""""]","[""4IN SQ FLAT BLANK COVER""]",0.9011203117389186,2.622992536689103,0.11687409185671868
"[""3/4 STL S/SCR EMT CONN""]","[""\""3/4\""\"" X 10FT EMT STL HDG PXP CONDUIT\""""]",0.9758632249413343,1.8030744703625983,0.18390296291616653
"[""3/4 STL S/SCR EMT CONN""]","[""3/4 STL S/SCR EMT CPLG""]",0.9215554810593363,4.900000574299037,0.17366858298060522
"[""3/8 SADDLE GRIP"",""12-1C THHN 600V CU-19STR PVC 90D NYL-BLK 500S/R WIRE""]","[""\""3/4\""\"" X 10FT EMT STL HDG PXP CONDUIT\""""]",0.9285321605277626,1.715622221196913,0.10670288710594479
"[""10-1C THHN 600V CU-19STR PVC 90D NYL-BLK 500S/R WIRE"",""\""1\""\"" X 10FT EMT STL HDG PXP CONDUIT\"""",""12-1C THHN 600V CU-19STR PVC 90D NYL-BLK 500S/R WIRE""]","[""\""3/4\""\"" X 10FT EMT STL HDG PXP CONDUIT\""""]",0.9824861170439982,1.815311398002737,0.14530292501105566
"[""12-1C THHN 600V CU-19STR PVC 90D NYL-GRN 500S/R WIRE"",""\""3/4\""\"" X 10FT EMT STL HDG PXP CONDUIT\""""]","[""12-1C THHN 600V CU-19STR PVC 90D NYL-BLK 500S/R WIRE""]",0.9444693237796686,2.3290239797645076,0.1332364647166593
"[""3/4 STL S/SCR EMT CPLG"",""3/4 STL S/SCR EMT CONN"",""4SQ 1-1/2D BOX COMB KO""]","[""4IN SQ FLAT BLANK COVER""]",0.9189041095890411,2.674757843082922,0.1059447848884958
"[""3/4 STL S/SCR EMT CPLG"",""3/4 STL S/SCR EMT CONN"",""4SQ 1-1/2D BOX COMB KO""]","[""\""3/4\""\"" X 10FT EMT STL HDG PXP CONDUIT\""""]",0.9928767123287672,1.8345098026674513,0.1144734348347969
"[""3/4 STL S/SCR EMT CONN"",""4IN SQ 5/8D 1G SW RING"",""\""3/4\""\"" X 10FT EMT STL HDG PXP CONDUIT\""""]","[""3/4 STL S/SCR EMT CPLG""]",0.9694876223373633,5.15486045481294,0.1063870111820077
"[""4IN SQ 5/8D 2G SW RING"",""4SQ 1-1/2D BOX COMB KO""]","[""4IN SQ 5/8D 1G SW RING""]",0.9508982035928144,3.623439495587544,0.10032219344241582
"[""3/4 STL S/SCR EMT CPLG"",""18-10      RED     WIRE CONN""]","[""\""3/4\""\"" X 10FT EMT STL HDG PXP CONDUIT\""""]",0.9966587112171837,1.841497693458247,0.13190978583612356
"[""3/4 STL S/SCR EMT CPLG"",""18-10      RED     WIRE CONN""]","[""3/4 STL S/SCR EMT CONN""]",0.9431980906921241,5.0049891309304835,0.12483416513993303
"[""8-1C THHN 600V CU-19STR PVC 90D NYL-BLK 500S/R WIRE"",""\""1\""\"" X 10FT EMT STL HDG PXP CONDUIT\"""",""12-1C THHN 600V CU-19STR PVC 90D NYL-BLK 500S/R WIRE""]","[""\""3/4\""\"" X 10FT EMT STL HDG PXP CONDUIT\""""]",0.9884488448844885,1.82632855908446,0.11352580706298566
"[""4IN SQ 5/8D 1G SW RING"",""4SQ 1-1/2D BOX COMB KO"",""18-10      RED     WIRE CONN"",""4IN SQ FLAT BLANK COVER""]","[""\""3/4\""\"" X 10FT EMT STL HDG PXP CONDUIT\""""]",0.9286452947259566,1.7158312560076068,0.11346263187819824
"[""10X1 PAN PHIL TAP SCR 100/BX"",""3/4 STL S/SCR EMT CPLG""]","[""3/4 STL S/SCR EMT CONN""]",0.982874617737003,5.215528771089179,0.10152252195337672
"[""10X1 PAN PHIL TAP SCR 100/BX"",""3/4 STL S/SCR EMT CPLG""]","[""\""3/4\""\"" X 10FT EMT STL HDG PXP CONDUIT\""""]",0.9932721712538226,1.8352404807723541,0.10259650009476277
"[""8-10X7/8 PLSTC WALL ANCH"",""4IN SQ FLAT BLANK COVER""]","[""\""3/4\""\"" X 10FT EMT STL HDG PXP CONDUIT\""""]",0.9098541758727353,1.6811114450670628,0.13007770547728853
"[""GRND SCR W/12SOL PIGTAIL"",""10-1C THHN 600V CU-19STR PVC 90D NYL-BLK 500S/R WIRE"",""4IN SQ FLAT BLANK COVER""]","[""\""3/4\""\"" X 10FT EMT STL HDG PXP CONDUIT\""""]",0.9634146341463414,1.7800735664646246,0.10480763156232233
"[""10X1 PAN PHIL TAP SCR 100/BX"",""12-1C THHN 600V CU-19STR PVC 90D NYL-BLK 500S/R WIRE""]","[""\""3/4\""\"" X 10FT EMT STL HDG PXP CONDUIT\""""]",0.9124203821656051,1.68585295077616,0.10859814264956726
"[""8-10X7/8 PLSTC WALL ANCH"",""4SQ 1-1/2D BOX COMB KO"",""12-1C THHN 600V CU-19STR PVC 90D NYL-BLK 500S/R WIRE"",""\""3/4\""\"" X 10FT EMT STL HDG PXP CONDUIT\""""]","[""18-10      RED     WIRE CONN""]",0.9595671981776766,2.8008462437681065,0.10645018636679512
"[""8-10X7/8 PLSTC WALL ANCH"",""4SQ 1-1/2D BOX COMB KO"",""12-1C THHN 600V CU-19STR PVC 90D NYL-BLK 500S/R WIRE"",""\""3/4\""\"" X 10FT EMT STL HDG PXP CONDUIT\""""]","[""4IN SQ FLAT BLANK COVER""]",0.9197038724373576,2.677085803017825,0.10202792343167603
"[""GRND SCR W/12SOL PIGTAIL"",""4IN SQ 5/8D 1G SW RING"",""4SQ 1-1/2D BOX COMB KO"",""18-10      RED     WIRE CONN""]","[""4IN SQ FLAT BLANK COVER""]",0.9165707710011507,2.667965931257303,0.1006380693663529
"[""2 EMT 90 ELBOW""]","[""\""2\""\"" X 10FT EMT STL HDG PXP CONDUIT\""""]",0.9724448897795591,4.675829331810644,0.1226230336723735
"[""4IN SQ FLAT BLANK COVER"",""\""1\""\"" X 10FT EMT STL HDG PXP CONDUIT\""""]","[""\""3/4\""\"" X 10FT EMT STL HDG PXP CONDUIT\""""]",0.9670624281884336,1.78681349081297,0.15951734158822414
"[""8-10X7/8 PLSTC WALL ANCH"",""\""1\""\"" X 10FT EMT STL HDG PXP CONDUIT\""""]","[""\""3/4\""\"" X 10FT EMT STL HDG PXP CONDUIT\""""]",0.9464375947448206,1.7487055780571688,0.11832712110682923
"[""3/4 STL S/SCR EMT CONN"",""8-10X7/8 PLSTC WALL ANCH""]","[""\""3/4\""\"" X 10FT EMT STL HDG PXP CONDUIT\""""]",0.9900249376558603,1.8292406604592755,0.10032219344241582
"[""8-1C THHN 600V CU-19STR PVC 90D NYL-BLK 500S/R WIRE"",""4IN SQ FLAT BLANK COVER""]","[""\""3/4\""\"" X 10FT EMT STL HDG PXP CONDUIT\""""]",0.9599774520856821,1.7737227838291423,0.1075873396929686
"[""4SQ 2-1/8D BOX COMB KO"",""4IN SQ FLAT BLANK COVER"",""12-1C THHN 600V CU-19STR PVC 90D NYL-BLK 500S/R WIRE""]","[""\""3/4\""\"" X 10FT EMT STL HDG PXP CONDUIT\""""]",0.9402390438247012,1.7372526934400836,0.10436540526881041
"[""3/4 STL S/SCR EMT CONN"",""4SQ 1-1/2D BOX COMB KO""]","[""3/4 STL S/SCR EMT CPLG""]",0.9743726641751201,5.180834699774262,0.11529471223703329
"[""3/4 STL S/SCR EMT CONN"",""4SQ 1-1/2D BOX COMB KO""]","[""4IN SQ FLAT BLANK COVER""]",0.9188467698878804,2.674590937946903,0.10872449301914208
"[""3/4 STL S/SCR EMT CONN"",""4SQ 1-1/2D BOX COMB KO""]","[""\""3/4\""\"" X 10FT EMT STL HDG PXP CONDUIT\""""]",0.99038974906567,1.8299147120299393,0.11718996778065575
"[""3/4 STL S/SCR EMT CONN"",""GRND SCR W/12SOL PIGTAIL""]","[""3/4 STL S/SCR EMT CPLG""]",0.9729425028184893,5.173230392043624,0.10904036894307916
"[""3/4 STL S/SCR EMT CONN"",""GRND SCR W/12SOL PIGTAIL""]","[""\""3/4\""\"" X 10FT EMT STL HDG PXP CONDUIT\""""]",0.9932356257046223,1.8351729566100696,0.11131467559542611
"[""6-1C THHN 600V CU-19STR PVC 90D NYL-BLK 500RL WIRE"",""\""1\""\"" X 10FT EMT STL HDG PXP CONDUIT\""""]","[""\""3/4\""\"" X 10FT EMT STL HDG PXP CONDUIT\""""]",0.9483046136742634,1.7521552153437512,0.10777686524733085
"[""\""1-1/4\""\"" X 10FT EMT STL HDG PXP CONDUIT\"""",""\""2\""\"" X 10FT EMT STL HDG PXP CONDUIT\""""]","[""\""3/4\""\"" X 10FT EMT STL HDG PXP CONDUIT\""""]",0.9488799540493968,1.7532182552407964,0.10436540526881041
"[""3/4 STL S/SCR EMT CPLG"",""3/4 STL S/SCR EMT CONN"",""GRND SCR W/12SOL PIGTAIL""]","[""\""3/4\""\"" X 10FT EMT STL HDG PXP CONDUIT\""""]",0.9959443800695249,1.8401778443002812,0.10859814264956726
"[""1G IV DPLX RCPT PLATE"",""4IN SQ FLAT BLANK COVER"",""\""3/4\""\"" X 10FT EMT STL HDG PXP CONDUIT\""""]","[""4IN SQ 5/8D 1G SW RING""]",0.9290285049447353,3.540104045442998,0.10089077010550256
"[""LOW PROF SELF TAP SCREW"",""\""1\""\"" X 10FT EMT STL HDG PXP CONDUIT\""""]","[""\""3/4\""\"" X 10FT EMT STL HDG PXP CONDUIT\""""]",0.946917808219178,1.7495928547100932,0.10480763156232233
"[""3/4 1H STL EMT STRAP"",""\""1\""\"" X 10FT EMT STL HDG PXP CONDUIT\""""]","[""\""3/4\""\"" X 10FT EMT STL HDG PXP CONDUIT\""""]",0.9915865384615384,1.832125985445044,0.10423905489923559
"[""3/4 STL S/SCR EMT CONN"",""18-10      RED     WIRE CONN""]","[""\""3/4\""\"" X 10FT EMT STL HDG PXP CONDUIT\""""]",0.9942992874109263,1.837138253814352,0.13222566176006065
"[""3/4 STL S/SCR EMT CONN"",""18-10      RED     WIRE CONN""]","[""3/4 STL S/SCR EMT CPLG""]",0.9387173396674584,4.991251854080013,0.12483416513993303
"[""THRD ROD"",""4IN SQ FLAT BLANK COVER""]","[""\""3/4\""\"" X 10FT EMT STL HDG PXP CONDUIT\""""]",0.9431578947368421,1.7426457704901919,0.11320993113904858
"[""4SQ 1-1/2D BOX COMB KO"",""10-1C THHN 600V CU-19STR PVC 90D NYL-BLK 500S/R WIRE"",""12-1C THHN 600V CU-19STR PVC 90D NYL-BLK 500S/R WIRE""]","[""\""3/4\""\"" X 10FT EMT STL HDG PXP CONDUIT\""""]",0.956544502617801,1.7673798216338477,0.11542106260660813
"[""10X1 PAN PHIL TAP SCR 100/BX"",""3/4 STL S/SCR EMT CPLG"",""\""3/4\""\"" X 10FT EMT STL HDG PXP CONDUIT\""""]","[""3/4 STL S/SCR EMT CONN""]",0.9827586206896551,5.214913244014935,0.10082759492071515
"[""10-1C THHN 600V CU-19STR PVC 90D NYL-BLK 500S/R WIRE"",""\""1\""\"" X 10FT EMT STL HDG PXP CONDUIT\""""]","[""\""3/4\""\"" X 10FT EMT STL HDG PXP CONDUIT\""""]",0.9580193756727664,1.770104902243985,0.16867774338239938
"[""8-10X7/8 PLSTC WALL ANCH"",""12-1C THHN 600V CU-19STR PVC 90D NYL-BLK 500S/R WIRE""]","[""\""3/4\""\"" X 10FT EMT STL HDG PXP CONDUIT\""""]",0.907331136738056,1.6764496980771202,0.13917493208667636
"[""8-10X7/8 PLSTC WALL ANCH"",""18-10      RED     WIRE CONN"",""4IN SQ FLAT BLANK COVER""]","[""12-1C THHN 600V CU-19STR PVC 90D NYL-BLK 500S/R WIRE""]",0.9149590163934426,2.256252729473719,0.11283088003032408
"[""8-10X7/8 PLSTC WALL ANCH"",""18-10      RED     WIRE CONN"",""4IN SQ FLAT BLANK COVER""]","[""\""3/4\""\"" X 10FT EMT STL HDG PXP CONDUIT\""""]",0.9175204918032787,1.6952762769644096,0.11314675595426117
"[""8-10X7/8 PLSTC WALL ANCH"",""18-10      RED     WIRE CONN"",""4IN SQ FLAT BLANK COVER""]","[""4SQ 1-1/2D BOX COMB KO""]",0.9093237704918032,3.2564900369037906,0.11213595299766252
"[""\""1/2\""\"" X 10FT EMT STL HDG PXP CONDUIT\"""",""\""1\""\"" X 10FT EMT STL HDG PXP CONDUIT\"""",""LIQ-TITE""]","[""\""3/4\""\"" X 10FT EMT STL HDG PXP CONDUIT\""""]",0.9791794243723209,1.8092017168658185,0.1010171204750774
"[""4IN SQ 5/8D 1G SW RING"",""4SQ 1-1/2D BOX COMB KO"",""18-10      RED     WIRE CONN"",""\""3/4\""\"" X 10FT EMT STL HDG PXP CONDUIT\""""]","[""4IN SQ FLAT BLANK COVER""]",0.9412997903563941,2.7399474772988897,0.11346263187819824
"[""18-10      RED     WIRE CONN"",""\""1\""\"" X 10FT EMT STL HDG PXP CONDUIT\"""",""12-1C THHN 600V CU-19STR PVC 90D NYL-BLK 500S/R WIRE""]","[""\""3/4\""\"" X 10FT EMT STL HDG PXP CONDUIT\""""]",0.9727928928373126,1.7974015058622415,0.11068292374755197
"[""3/4 STL S/SCR EMT CONN"",""\""1\""\"" X 10FT EMT STL HDG PXP CONDUIT\""""]","[""\""3/4\""\"" X 10FT EMT STL HDG PXP CONDUIT\""""]",1,1.847671296836699,0.10272285046433761
"[""8-10X7/8 PLSTC WALL ANCH"",""18-10      RED     WIRE CONN"",""4IN SQ FLAT BLANK COVER"",""12-1C THHN 600V CU-19STR PVC 90D NYL-BLK 500S/R WIRE""]","[""\""3/4\""\"" X 10FT EMT STL HDG PXP CONDUIT\""""]",0.9462486002239642,1.748356378305723,0.1067660622907322
"[""8-10X7/8 PLSTC WALL ANCH"",""18-10      RED     WIRE CONN"",""4IN SQ FLAT BLANK COVER"",""12-1C THHN 600V CU-19STR PVC 90D NYL-BLK 500S/R WIRE""]","[""4SQ 1-1/2D BOX COMB KO""]",0.9188129899216125,3.290473035626517,0.10367047823614885
"[""4IN SQ 5/8D 2G SW RING"",""12-1C THHN 600V CU-19STR PVC 90D NYL-BLK 500S/R WIRE""]","[""\""3/4\""\"" X 10FT EMT STL HDG PXP CONDUIT\""""]",0.9495008807985907,1.75436552377272,0.10215427380125087
"[""4IN SQ 5/8D 1G SW RING"",""18-10      RED     WIRE CONN"",""4IN SQ FLAT BLANK COVER"",""12-1C THHN 600V CU-19STR PVC 90D NYL-BLK 500S/R WIRE""]","[""\""3/4\""\"" X 10FT EMT STL HDG PXP CONDUIT\""""]",0.9684267827980403,1.7893343696638473,0.11238865373681219
"[""4IN SQ 5/8D 1G SW RING"",""18-10      RED     WIRE CONN"",""4IN SQ FLAT BLANK COVER"",""12-1C THHN 600V CU-19STR PVC 90D NYL-BLK 500S/R WIRE""]","[""4SQ 1-1/2D BOX COMB KO""]",0.9031028851388133,3.234211667163411,0.10480763156232233
"[""THRD ROD"",""18-10      RED     WIRE CONN""]","[""\""3/4\""\"" X 10FT EMT STL HDG PXP CONDUIT\""""]",0.9207446808510639,1.7012335185235776,0.10935624486701624
"[""1G IV DPLX RCPT PLATE"",""4IN SQ FLAT BLANK COVER""]","[""4IN SQ 5/8D 1G SW RING""]",0.9111438389788905,3.4719537378904324,0.11725314296544317
"[""3/4 STL S/SCR EMT CPLG"",""4IN SQ FLAT BLANK COVER""]","[""\""3/4\""\"" X 10FT EMT STL HDG PXP CONDUIT\""""]",0.9952516619183286,1.838897928855518,0.1324151873144229
"[""3/4 STL S/SCR EMT CPLG"",""4IN SQ FLAT BLANK COVER""]","[""3/4 STL S/SCR EMT CONN""]",0.9553656220322887,5.069554955128762,0.12710847179228
"[""3/4 1H STL EMT STRAP"",""12-1C THHN 600V CU-19STR PVC 90D NYL-BLK 500S/R WIRE""]","[""\""3/4\""\"" X 10FT EMT STL HDG PXP CONDUIT\""""]",0.9646464646464646,1.7823495843222703,0.12066460294396361
"[""3/4 STL S/SCR EMT CONN"",""10-1C THHN 600V CU-19STR PVC 90D NYL-BLK 500S/R WIRE""]","[""3/4 STL S/SCR EMT CPLG""]",0.9646282973621103,5.12902294892336,0.10164887232295154
"[""3/4 STL S/SCR EMT CONN"",""10-1C THHN 600V CU-19STR PVC 90D NYL-BLK 500S/R WIRE""]","[""\""3/4\""\"" X 10FT EMT STL HDG PXP CONDUIT\""""]",0.9844124700239808,1.8188706651114266,0.10373365342093625
"[""4SQ 1-1/2D BOX COMB KO"",""4IN SQ FLAT BLANK COVER"",""12-1C THHN 600V CU-19STR PVC 90D NYL-BLK 500S/R WIRE""]","[""\""3/4\""\"" X 10FT EMT STL HDG PXP CONDUIT\""""]",0.9205992509363295,1.7009648118444216,0.1552846042074673
"[""1/2&3/4 COND BOX SUPP"",""18-10      RED     WIRE CONN""]","[""\""3/4\""\"" X 10FT EMT STL HDG PXP CONDUIT\""""]",0.9386536373507057,1.734323383404263,0.1092298944974414
"[""1/2&3/4 COND BOX SUPP"",""12-1C THHN 600V CU-19STR PVC 90D NYL-BLK 500S/R WIRE""]","[""\""3/4\""\"" X 10FT EMT STL HDG PXP CONDUIT\""""]",0.9237199582027168,1.7067308530863552,0.1116937267041506
"[""4SQ 1-1/2D BOX COMB KO"",""18-10      RED     WIRE CONN"",""12-1C THHN 600V CU-19STR PVC 90D NYL-BLK 500S/R WIRE"",""\""3/4\""\"" X 10FT EMT STL HDG PXP CONDUIT\""""]","[""4IN SQ FLAT BLANK COVER""]",0.9015452538631347,2.6242294636630303,0.12900372733590246
"[""1G IV DPLX RCPT PLATE"",""12-1C THHN 600V CU-19STR PVC 90D NYL-BLK 500S/R WIRE""]","[""\""3/4\""\"" X 10FT EMT STL HDG PXP CONDUIT\""""]",0.9333659970602646,1.7245535622116177,0.12034872702002654
"[""GRND SCR W/12SOL PIGTAIL"",""4IN SQ 5/8D 1G SW RING"",""12-1C THHN 600V CU-19STR PVC 90D NYL-BLK 500S/R WIRE""]","[""\""3/4\""\"" X 10FT EMT STL HDG PXP CONDUIT\""""]",0.9462313970235238,1.7483245924460555,0.12451828921599596
"[""3/4 STL S/SCR EMT CPLG"",""3/4 STL S/SCR EMT CONN"",""4SQ 1-1/2D BOX COMB KO"",""4IN SQ FLAT BLANK COVER""]","[""\""3/4\""\"" X 10FT EMT STL HDG PXP CONDUIT\""""]",0.9958258795468098,1.8399588942858005,0.10550255859498389
"[""DPLX RCPT NEMA5-20R"",""4IN SQ 5/8D 1G SW RING"",""12-1C THHN 600V CU-19STR PVC 90D NYL-BLK 500S/R WIRE""]","[""4IN SQ FLAT BLANK COVER""]",0.9170028818443804,2.669223725030286,0.10051171899677806
"[""DPLX RCPT NEMA5-20R"",""4IN SQ 5/8D 1G SW RING"",""12-1C THHN 600V CU-19STR PVC 90D NYL-BLK 500S/R WIRE""]","[""\""3/4\""\"" X 10FT EMT STL HDG PXP CONDUIT\""""]",0.9642651296829972,1.781645002655791,0.10569208414934614
"[""8-10X7/8 PLSTC WALL ANCH"",""4SQ 1-1/2D BOX COMB KO"",""4IN SQ FLAT BLANK COVER""]","[""\""3/4\""\"" X 10FT EMT STL HDG PXP CONDUIT\""""]",0.915864166244298,1.692215931770864,0.11415755891085981
"[""3/4 STL S/SCR EMT CPLG"",""3/4 STL S/SCR EMT CONN"",""18-10      RED     WIRE CONN"",""4IN SQ FLAT BLANK COVER""]","[""\""3/4\""\"" X 10FT EMT STL HDG PXP CONDUIT\""""]",0.9958283671036948,1.8399634904732562,0.10556573377977131
"[""3/4 STL S/SCR EMT CPLG"",""18-10      RED     WIRE CONN"",""\""3/4\""\"" X 10FT EMT STL HDG PXP CONDUIT\""""]","[""3/4 STL S/SCR EMT CONN""]",0.9430076628352491,5.00397864398899,0.12439193884642112
"[""8-10X7/8 PLSTC WALL ANCH"",""4SQ 1-1/2D BOX COMB KO"",""18-10      RED     WIRE CONN"",""4IN SQ FLAT BLANK COVER""]","[""12-1C THHN 600V CU-19STR PVC 90D NYL-BLK 500S/R WIRE""]",0.9245070422535211,2.2797977834290366,0.10367047823614885
"[""8-10X7/8 PLSTC WALL ANCH"",""4SQ 1-1/2D BOX COMB KO"",""18-10      RED     WIRE CONN"",""4IN SQ FLAT BLANK COVER""]","[""\""3/4\""\"" X 10FT EMT STL HDG PXP CONDUIT\""""]",0.9138028169014084,1.688407235757254,0.10247014972518795
"[""GRND SCR W/12SOL PIGTAIL"",""18-10      RED     WIRE CONN"",""4IN SQ FLAT BLANK COVER"",""\""3/4\""\"" X 10FT EMT STL HDG PXP CONDUIT\""""]","[""12-1C THHN 600V CU-19STR PVC 90D NYL-BLK 500S/R WIRE""]",0.904613789528253,2.2307418093850626,0.11024069745404005
"[""4IN SQ 5/8D 1G SW RING"",""10-1C THHN 600V CU-19STR PVC 90D NYL-BLK 500S/R WIRE""]","[""\""3/4\""\"" X 10FT EMT STL HDG PXP CONDUIT\""""]",0.9501424501424501,1.7555509330342995,0.1264135447596184
"[""3/4 STL S/SCR EMT CPLG"",""\""3/4\""\"" X 10FT EMT STL HDG PXP CONDUIT\""""]","[""3/4 STL S/SCR EMT CONN""]",0.9244505494505495,4.905507122780002,0.17006759744772254
"[""8-10X7/8 PLSTC WALL ANCH"",""4IN SQ 5/8D 1G SW RING""]","[""4IN SQ FLAT BLANK COVER""]",0.9166666666666666,2.6682450655878385,0.10215427380125087
"[""8-10X7/8 PLSTC WALL ANCH"",""4IN SQ 5/8D 1G SW RING""]","[""\""3/4\""\"" X 10FT EMT STL HDG PXP CONDUIT\""""]",0.9365079365079365,1.73035883354548,0.10436540526881041
"[""4SQ 1-1/2D BOX COMB KO"",""\""1\""\"" X 10FT EMT STL HDG PXP CONDUIT\""""]","[""\""3/4\""\"" X 10FT EMT STL HDG PXP CONDUIT\""""]",0.9624941397093296,1.77837279531446,0.12969865436856404
"[""1/2&3/4 COND BOX SUPP"",""4SQ 1-1/2D BOX COMB KO""]","[""4IN SQ FLAT BLANK COVER""]",0.9434285714285714,2.746143960489676,0.10430223008402299
"[""1/2&3/4 COND BOX SUPP"",""4SQ 1-1/2D BOX COMB KO""]","[""\""3/4\""\"" X 10FT EMT STL HDG PXP CONDUIT\""""]",0.9348571428571428,1.7273087094999082,0.10335460231221176
"[""3/4 STL S/SCR EMT CPLG"",""3/4 STL S/SCR EMT CONN"",""4IN SQ FLAT BLANK COVER"",""12-1C THHN 600V CU-19STR PVC 90D NYL-BLK 500S/R WIRE""]","[""\""3/4\""\"" X 10FT EMT STL HDG PXP CONDUIT\""""]",0.9976119402985074,1.8432589474711187,0.10556573377977131
"[""4SQ 1-1/2D BOX COMB KO"",""4IN SQ FLAT BLANK COVER"",""\""1\""\"" X 10FT EMT STL HDG PXP CONDUIT\""""]","[""\""3/4\""\"" X 10FT EMT STL HDG PXP CONDUIT\""""]",0.9850905218317358,1.820123481974384,0.11687409185671868
"[""\""2\""\"" X 10FT EMT STL HDG PXP CONDUIT\"""",""10-1C THHN 600V CU-19STR PVC 90D NYL-BLK 500S/R WIRE""]","[""\""3/4\""\"" X 10FT EMT STL HDG PXP CONDUIT\""""]",0.9771205357142857,1.8053975673889844,0.11061974856276455
"[""3/4 STL S/SCR EMT CONN"",""4IN SQ FLAT BLANK COVER"",""12-1C THHN 600V CU-19STR PVC 90D NYL-BLK 500S/R WIRE"",""\""3/4\""\"" X 10FT EMT STL HDG PXP CONDUIT\""""]","[""3/4 STL S/SCR EMT CPLG""]",0.9754816112084063,5.186731079549165,0.10556573377977131
"[""3/4 STL S/SCR EMT CPLG"",""18-10      RED     WIRE CONN"",""12-1C THHN 600V CU-19STR PVC 90D NYL-BLK 500S/R WIRE"",""\""3/4\""\"" X 10FT EMT STL HDG PXP CONDUIT\""""]","[""3/4 STL S/SCR EMT CONN""]",0.9572793704328274,5.079710075287035,0.1075873396929686
"[""GRND SCR W/12SOL PIGTAIL"",""4IN SQ 5/8D 1G SW RING"",""18-10      RED     WIRE CONN"",""\""3/4\""\"" X 10FT EMT STL HDG PXP CONDUIT\""""]","[""4IN SQ FLAT BLANK COVER""]",0.912300055157198,2.655534676918589,0.10449175563838524
"[""GRND SCR W/12SOL PIGTAIL"",""4IN SQ 5/8D 1G SW RING"",""18-10      RED     WIRE CONN"",""\""3/4\""\"" X 10FT EMT STL HDG PXP CONDUIT\""""]","[""12-1C THHN 600V CU-19STR PVC 90D NYL-BLK 500S/R WIRE""]",0.9051296194153337,2.2320138254752013,0.10367047823614885
"[""3/4 1H STL EMT STRAP"",""18-10      RED     WIRE CONN""]","[""\""3/4\""\"" X 10FT EMT STL HDG PXP CONDUIT\""""]",0.9774549098196392,1.8060153808258514,0.12325478552024764
"[""GRND SCR W/12SOL PIGTAIL"",""4SQ 1-1/2D BOX COMB KO"",""18-10      RED     WIRE CONN"",""4IN SQ FLAT BLANK COVER""]","[""\""3/4\""\"" X 10FT EMT STL HDG PXP CONDUIT\""""]",0.9134873723804406,1.6878243979701173,0.10739781413860636
"[""18-10      RED     WIRE CONN"",""4IN SQ FLAT BLANK COVER"",""\""1\""\"" X 10FT EMT STL HDG PXP CONDUIT\""""]","[""\""3/4\""\"" X 10FT EMT STL HDG PXP CONDUIT\""""]",0.9802594472645234,1.8111972441636677,0.10979847116052814
"[""4IN SQ 5/8D 1G SW RING"",""18-10      RED     WIRE CONN"",""4IN SQ FLAT BLANK COVER""]","[""\""3/4\""\"" X 10FT EMT STL HDG PXP CONDUIT\""""]",0.9279279279279279,1.7145057979655856,0.13014088066207594
"[""3/4 STL S/SCR EMT CONN"",""4SQ 1-1/2D BOX COMB KO"",""12-1C THHN 600V CU-19STR PVC 90D NYL-BLK 500S/R WIRE""]","[""\""3/4\""\"" X 10FT EMT STL HDG PXP CONDUIT\""""]",0.9937382592360676,1.8361016581589489,0.10025901825762841
"[""12-1C THHN 600V CU-19STR PVC 90D NYL-GRN 500S/R WIRE"",""4IN SQ FLAT BLANK COVER""]","[""12-1C THHN 600V CU-19STR PVC 90D NYL-BLK 500S/R WIRE""]",0.9711934156378601,2.394924532813785,0.10436540526881041
"[""12-1C THHN 600V CU-19STR PVC 90D NYL-GRN 500S/R WIRE"",""4IN SQ FLAT BLANK COVER""]","[""\""3/4\""\"" X 10FT EMT STL HDG PXP CONDUIT\""""]",0.9476778365667254,1.750997137272639,0.10183839787731379
"[""\""1-1/4\""\"" X 10FT EMT STL HDG PXP CONDUIT\""""]","[""\""3/4\""\"" X 10FT EMT STL HDG PXP CONDUIT\""""]",0.9173816333015571,1.695019712096457,0.18238675848126856
"[""4IN SQ 5/8D 1G SW RING"",""4IN SQ FLAT BLANK COVER"",""12-1C THHN 600V CU-19STR PVC 90D NYL-BLK 500S/R WIRE""]","[""\""3/4\""\"" X 10FT EMT STL HDG PXP CONDUIT\""""]",0.9590163934426229,1.771947063359785,0.14782993240255227
"[""10-1C THHN 600V CU-19STR PVC 90D NYL-BLK 500S/R WIRE"",""18-10      RED     WIRE CONN"",""4IN SQ FLAT BLANK COVER""]","[""\""3/4\""\"" X 10FT EMT STL HDG PXP CONDUIT\""""]",0.9587404994571118,1.7714373019617862,0.11156737633457578
"[""4IN SQ 5/8D 2G SW RING"",""\""3/4\""\"" X 10FT EMT STL HDG PXP CONDUIT\""""]","[""4IN SQ 5/8D 1G SW RING""]",0.910541586073501,3.469658826662842,0.11895887295470339
"[""DPLX RCPT NEMA5-20R"",""18-10      RED     WIRE CONN"",""12-1C THHN 600V CU-19STR PVC 90D NYL-BLK 500S/R WIRE""]","[""\""3/4\""\"" X 10FT EMT STL HDG PXP CONDUIT\""""]",0.9396411092985318,1.7361479069786927,0.109166719312654
"[""4IN SQ 5/8D 1G SW RING"",""12-1C THHN 600V CU-19STR PVC 90D NYL-BLK 500S/R WIRE""]","[""\""3/4\""\"" X 10FT EMT STL HDG PXP CONDUIT\""""]",0.9316330145235565,1.721351580120623,0.16615073599090277
"[""8-1C THHN 600V CU-19STR PVC 90D NYL-BLK 500S/R WIRE"",""10-1C THHN 600V CU-19STR PVC 90D NYL-BLK 500S/R WIRE"",""\""1\""\"" X 10FT EMT STL HDG PXP CONDUIT\""""]","[""\""3/4\""\"" X 10FT EMT STL HDG PXP CONDUIT\""""]",0.9880817253121453,1.8256502427881345,0.10998799671489039
"[""3/4 STL S/SCR EMT CPLG"",""3/4 STL S/SCR EMT CONN"",""4SQ 1-1/2D BOX COMB KO"",""\""3/4\""\"" X 10FT EMT STL HDG PXP CONDUIT\""""]","[""4IN SQ FLAT BLANK COVER""]",0.9216335540838853,2.682702745052192,0.10550255859498389
"[""4SQ 1-1/2D BOX COMB KO"",""10-1C THHN 600V CU-19STR PVC 90D NYL-BLK 500S/R WIRE"",""4IN SQ FLAT BLANK COVER"",""12-1C THHN 600V CU-19STR PVC 90D NYL-BLK 500S/R WIRE""]","[""\""3/4\""\"" X 10FT EMT STL HDG PXP CONDUIT\""""]",0.9739027283511269,1.799452117085326,0.10373365342093625
"[""\""1-1/2\""\"" X 10FT EMT STL HDG PXP CONDUIT\"""",""\""1\""\"" X 10FT EMT STL HDG PXP CONDUIT\""""]","[""\""3/4\""\"" X 10FT EMT STL HDG PXP CONDUIT\""""]",0.9646739130434783,1.7824002999375765,0.11213595299766252
"[""DPLX RCPT NEMA5-20R"",""4SQ 1-1/2D BOX COMB KO"",""18-10      RED     WIRE CONN""]","[""\""3/4\""\"" X 10FT EMT STL HDG PXP CONDUIT\""""]",0.9120448179271708,1.6851590315126868,0.10284920083391244
"[""LOW PROF SELF TAP SCREW"",""4SQ 1-1/2D BOX COMB KO"",""4IN SQ FLAT BLANK COVER""]","[""\""3/4\""\"" X 10FT EMT STL HDG PXP CONDUIT\""""]",0.9410745233968805,1.7387963850646926,0.10291237601869986
"[""GRND SCR W/12SOL PIGTAIL"",""4SQ 1-1/2D BOX COMB KO"",""12-1C THHN 600V CU-19STR PVC 90D NYL-BLK 500S/R WIRE"",""\""3/4\""\"" X 10FT EMT STL HDG PXP CONDUIT\""""]","[""18-10      RED     WIRE CONN""]",0.9226519337016574,2.6930956036443914,0.10550255859498389
"[""GRND SCR W/12SOL PIGTAIL"",""4SQ 1-1/2D BOX COMB KO"",""12-1C THHN 600V CU-19STR PVC 90D NYL-BLK 500S/R WIRE"",""\""3/4\""\"" X 10FT EMT STL HDG PXP CONDUIT\""""]","[""4IN SQ FLAT BLANK COVER""]",0.9314917127071823,2.711397999345713,0.10651336155158254
"[""4SQ 2-1/8D BOX COMB KO"",""4IN SQ 5/8D 1G SW RING""]","[""\""3/4\""\"" X 10FT EMT STL HDG PXP CONDUIT\""""]",0.9026115342763874,1.6677294240762153,0.10480763156232233
"[""1/2-3/4 SWITCH BOX STUD CLIP""]","[""\""3/4\""\"" X 10FT EMT STL HDG PXP CONDUIT\""""]",0.9406091370558376,1.7379365040804078,0.11706361741108093
"[""4-1C THHN 600V CU-19STR PVC 90D NYL-BLK 500RL WIRE"",""\""1\""\"" X 10FT EMT STL HDG PXP CONDUIT\""""]","[""\""3/4\""\"" X 10FT EMT STL HDG PXP CONDUIT\""""]",0.9338235294117647,1.7253989316048586,0.10430223008402299
"[""10X1 PAN PHIL TAP SCR 100/BX"",""3/4 STL S/SCR EMT CONN""]","[""3/4 STL S/SCR EMT CPLG""]",0.9804758999389872,5.213286200918451,0.10152252195337672
"[""10X1 PAN PHIL TAP SCR 100/BX"",""3/4 STL S/SCR EMT CONN""]","[""\""3/4\""\"" X 10FT EMT STL HDG PXP CONDUIT\""""]",0.9932885906040269,1.8352708183344393,0.10284920083391244
"[""8-10X7/8 PLSTC WALL ANCH"",""4SQ 1-1/2D BOX COMB KO""]","[""4IN SQ FLAT BLANK COVER""]",0.9029748283752861,2.6283906874498717,0.12464463958557079
"[""8-10X7/8 PLSTC WALL ANCH"",""4SQ 1-1/2D BOX COMB KO""]","[""\""3/4\""\"" X 10FT EMT STL HDG PXP CONDUIT\""""]",0.9066361556064073,1.6751656013883298,0.12515004106387012
"[""3/4 STL S/SCR EMT CPLG"",""18-10      RED     WIRE CONN"",""12-1C THHN 600V CU-19STR PVC 90D NYL-BLK 500S/R WIRE""]","[""\""3/4\""\"" X 10FT EMT STL HDG PXP CONDUIT\""""]",0.9977565900168256,1.8435262126037508,0.11238865373681219
"[""3/4 STL S/SCR EMT CPLG"",""18-10      RED     WIRE CONN"",""12-1C THHN 600V CU-19STR PVC 90D NYL-BLK 500S/R WIRE""]","[""3/4 STL S/SCR EMT CONN""]",0.957375210319686,5.080218640345394,0.10784004043211827
"[""10X1 PAN PHIL TAP SCR 100/BX"",""3/4 STL S/SCR EMT CONN"",""\""3/4\""\"" X 10FT EMT STL HDG PXP CONDUIT\""""]","[""3/4 STL S/SCR EMT CPLG""]",0.9803439803439803,5.212584771536736,0.10082759492071515
"[""\""1\""\"" X 10FT EMT STL HDG PXP CONDUIT\"""",""LIQ-TITE""]","[""\""3/4\""\"" X 10FT EMT STL HDG PXP CONDUIT\""""]",0.9307403616513136,1.7197022510305409,0.1723419041000695
"[""DPLX RCPT NEMA5-20R"",""\""1\""\"" X 10FT EMT STL HDG PXP CONDUIT\""""]","[""\""3/4\""\"" X 10FT EMT STL HDG PXP CONDUIT\""""]",0.9695603156708005,1.791428765816867,0.10866131783435466
"[""\""1-1/4\""\"" X 10FT EMT STL HDG PXP CONDUIT\"""",""\""1/2\""\"" X 10FT EMT STL HDG PXP CONDUIT\""""]","[""\""3/4\""\"" X 10FT EMT STL HDG PXP CONDUIT\""""]",0.9746529873264936,1.8008383490593052,0.10202792343167603
"[""4IN SQ FLAT BLANK COVER"",""\""1\""\"" X 10FT EMT STL HDG PXP CONDUIT\"""",""12-1C THHN 600V CU-19STR PVC 90D NYL-BLK 500S/R WIRE""]","[""\""3/4\""\"" X 10FT EMT STL HDG PXP CONDUIT\""""]",0.9917525773195877,1.832432770677221,0.12154905553098742
"[""4IN SQ 5/8D 1G SW RING"",""4SQ 1-1/2D BOX COMB KO"",""18-10      RED     WIRE CONN"",""4IN SQ FLAT BLANK COVER"",""12-1C THHN 600V CU-19STR PVC 90D NYL-BLK 500S/R WIRE""]","[""\""3/4\""\"" X 10FT EMT STL HDG PXP CONDUIT\""""]",0.9698613622664256,1.7919850009706142,0.10164887232295154
"[""3/4 1H STL STRAP""]","[""\""3/4\""\"" X 10FT EMT STL HDG PXP CONDUIT\""""]",0.9504555808656037,1.756129495683628,0.10543938341019647
"[""4IN SQ 5/8D 2G SW RING"",""4IN SQ FLAT BLANK COVER"",""\""3/4\""\"" X 10FT EMT STL HDG PXP CONDUIT\""""]","[""4IN SQ 5/8D 1G SW RING""]",0.9478114478114478,3.6116772766989422,0.10670288710594479
"[""GRND SCR W/12SOL PIGTAIL"",""4SQ 1-1/2D BOX COMB KO"",""4IN SQ FLAT BLANK COVER"",""\""3/4\""\"" X 10FT EMT STL HDG PXP CONDUIT\""""]","[""18-10      RED     WIRE CONN""]",0.9057005860415557,2.643616923557401,0.10739781413860636
"[""4IN SQ 5/8D 1G SW RING"",""4SQ 1-1/2D BOX COMB KO"",""4IN SQ FLAT BLANK COVER"",""12-1C THHN 600V CU-19STR PVC 90D NYL-BLK 500S/R WIRE""]","[""\""3/4\""\"" X 10FT EMT STL HDG PXP CONDUIT\""""]",0.9609781477627471,1.7755717405085238,0.11668456630235644
"[""8-10X7/8 PLSTC WALL ANCH"",""18-10      RED     WIRE CONN"",""12-1C THHN 600V CU-19STR PVC 90D NYL-BLK 500S/R WIRE""]","[""\""3/4\""\"" X 10FT EMT STL HDG PXP CONDUIT\""""]",0.9306197964847364,1.7194794862328577,0.12710847179228
"[""8-10X7/8 PLSTC WALL ANCH"",""GRND SCR W/12SOL PIGTAIL""]","[""18-10      RED     WIRE CONN""]",0.9140449438202247,2.66797296989311,0.10278602564912502
"[""8-10X7/8 PLSTC WALL ANCH"",""GRND SCR W/12SOL PIGTAIL""]","[""\""3/4\""\"" X 10FT EMT STL HDG PXP CONDUIT\""""]",0.9039325842696629,1.6701702902304767,0.10164887232295154
"[""10X1 PAN PHIL TAP SCR 100/BX"",""3/4 STL S/SCR EMT CPLG"",""3/4 STL S/SCR EMT CONN""]","[""\""3/4\""\"" X 10FT EMT STL HDG PXP CONDUIT\""""]",0.9931549471064095,1.835023889079883,0.10082759492071515
"[""3/4 STL S/SCR EMT CPLG"",""3/4 STL S/SCR EMT CONN""]","[""\""3/4\""\"" X 10FT EMT STL HDG PXP CONDUIT\""""]",0.9792651873408512,1.8093601786411035,0.17006759744772254
"[""3/4 1H STL EMT STRAP""]","[""\""3/4\""\"" X 10FT EMT STL HDG PXP CONDUIT\""""]",0.9487719298245614,1.753018661981205,0.17082569966517153
"[""3/4 STL S/SCR EMT CONN"",""4SQ 1-1/2D BOX COMB KO"",""\""3/4\""\"" X 10FT EMT STL HDG PXP CONDUIT\""""]","[""3/4 STL S/SCR EMT CPLG""]",0.9768194070080862,5.193844270584815,0.1144734348347969
"[""3/4 STL S/SCR EMT CONN"",""4SQ 1-1/2D BOX COMB KO"",""\""3/4\""\"" X 10FT EMT STL HDG PXP CONDUIT\""""]","[""4IN SQ FLAT BLANK COVER""]",0.9212938005390836,2.681713786085538,0.1079663908016931
"[""4SQ 1-1/2D BOX COMB KO"",""10-1C THHN 600V CU-19STR PVC 90D NYL-BLK 500S/R WIRE"",""4IN SQ FLAT BLANK COVER""]","[""\""3/4\""\"" X 10FT EMT STL HDG PXP CONDUIT\""""]",0.9619289340101523,1.7773284809672816,0.11971697517215238
"[""3/4 1H STL EMT STRAP"",""3/4 STL S/SCR EMT CPLG""]","[""\""3/4\""\"" X 10FT EMT STL HDG PXP CONDUIT\""""]",0.9881235154394299,1.8257274572068094,0.1051235074862594
"[""\""1-1/4\""\"" X 10FT EMT STL HDG PXP CONDUIT\"""",""LIQ-TITE""]","[""\""3/4\""\"" X 10FT EMT STL HDG PXP CONDUIT\""""]",0.956386292834891,1.767087501959086,0.11636869037841936
"[""THRD ROD"",""\""1\""\"" X 10FT EMT STL HDG PXP CONDUIT\""""]","[""\""3/4\""\"" X 10FT EMT STL HDG PXP CONDUIT\""""]",0.9321486268174475,1.7223042621563414,0.10935624486701624
"[""3/4 STL S/SCR EMT CPLG"",""18-10      RED     WIRE CONN"",""4IN SQ FLAT BLANK COVER"",""\""3/4\""\"" X 10FT EMT STL HDG PXP CONDUIT\""""]","[""3/4 STL S/SCR EMT CONN""]",0.9692575406032483,5.14327107281556,0.10556573377977131
"[""DPLX RCPT NEMA5-20R"",""4IN SQ 5/8D 1G SW RING"",""\""3/4\""\"" X 10FT EMT STL HDG PXP CONDUIT\""""]","[""4IN SQ FLAT BLANK COVER""]",0.9229559748427673,2.686552064322575,0.1112515004106387
"[""DPLX RCPT NEMA5-20R"",""4SQ 1-1/2D BOX COMB KO"",""12-1C THHN 600V CU-19STR PVC 90D NYL-BLK 500S/R WIRE""]","[""\""3/4\""\"" X 10FT EMT STL HDG PXP CONDUIT\""""]",0.9496402877697842,1.7546231020319731,0.10840861709520501
"[""3/4 STL S/SCR EMT CPLG"",""GRND SCR W/12SOL PIGTAIL"",""\""3/4\""\"" X 10FT EMT STL HDG PXP CONDUIT\""""]","[""3/4 STL S/SCR EMT CONN""]",0.9851002865329513,5.227339066553834,0.10859814264956726
"[""3/4 STL S/SCR EMT CONN"",""4IN SQ FLAT BLANK COVER""]","[""\""3/4\""\"" X 10FT EMT STL HDG PXP CONDUIT\""""]",0.9908697741470447,1.830801640594557,0.13026723103165078
"[""3/4 STL S/SCR EMT CONN"",""4IN SQ FLAT BLANK COVER""]","[""3/4 STL S/SCR EMT CPLG""]",0.9668428640076886,5.140798016250488,0.12710847179228
"[""3/4 STL S/SCR EMT CPLG"",""12-1C THHN 600V CU-19STR PVC 90D NYL-BLK 500S/R WIRE"",""\""3/4\""\"" X 10FT EMT STL HDG PXP CONDUIT\""""]","[""3/4 STL S/SCR EMT CONN""]",0.9446749654218534,5.012826023353173,0.12944595362941436
"[""SP 20A120/277V TGL SW"",""12-1C THHN 600V CU-19STR PVC 90D NYL-BLK 500S/R WIRE""]","[""\""3/4\""\"" X 10FT EMT STL HDG PXP CONDUIT\""""]",0.9354651162790698,1.7284320445408423,0.10164887232295154
"[""3/4 STL S/SCR EMT CPLG"",""4SQ 1-1/2D BOX COMB KO""]","[""4IN SQ FLAT BLANK COVER""]",0.9,2.619731518940787,0.10859814264956726
"[""3/4 STL S/SCR EMT CPLG"",""4SQ 1-1/2D BOX COMB KO""]","[""\""3/4\""\"" X 10FT EMT STL HDG PXP CONDUIT\""""]",0.993193717277487,1.835095523612156,0.1198433255417272
"[""3/4 STL S/SCR EMT CPLG"",""4SQ 1-1/2D BOX COMB KO""]","[""3/4 STL S/SCR EMT CONN""]",0.9554973821989529,5.070254127665848,0.11529471223703329
"[""10-1C THHN 600V CU-19STR PVC 90D NYL-BLK 500S/R WIRE"",""4IN SQ FLAT BLANK COVER"",""\""1\""\"" X 10FT EMT STL HDG PXP CONDUIT\""""]","[""\""3/4\""\"" X 10FT EMT STL HDG PXP CONDUIT\""""]",0.9839816933638444,1.8180747314411456,0.10866131783435466
"[""4IN SQ 5/8D 1G SW RING"",""10-1C THHN 600V CU-19STR PVC 90D NYL-BLK 500S/R WIRE"",""4IN SQ FLAT BLANK COVER"",""\""3/4\""\"" X 10FT EMT STL HDG PXP CONDUIT\""""]","[""12-1C THHN 600V CU-19STR PVC 90D NYL-BLK 500S/R WIRE""]",0.9098405717427158,2.243630847502017,0.10455493082317266
"[""10-1C THHN 600V CU-19STR PVC 90D NYL-BLK 500S/R WIRE"",""18-10      RED     WIRE CONN"",""12-1C THHN 600V CU-19STR PVC 90D NYL-BLK 500S/R WIRE""]","[""\""3/4\""\"" X 10FT EMT STL HDG PXP CONDUIT\""""]",0.9280433711187778,1.714719099035734,0.11895887295470339
"[""8-10X7/8 PLSTC WALL ANCH"",""18-10      RED     WIRE CONN"",""4IN SQ FLAT BLANK COVER"",""\""3/4\""\"" X 10FT EMT STL HDG PXP CONDUIT\""""]","[""12-1C THHN 600V CU-19STR PVC 90D NYL-BLK 500S/R WIRE""]",0.943606923506421,2.3268973348158806,0.1067660622907322
"[""8-10X7/8 PLSTC WALL ANCH"",""18-10      RED     WIRE CONN"",""4IN SQ FLAT BLANK COVER"",""\""3/4\""\"" X 10FT EMT STL HDG PXP CONDUIT\""""]","[""4SQ 1-1/2D BOX COMB KO""]",0.9056393076493578,3.243295158547893,0.10247014972518795
"[""3/4 STL S/SCR EMT CPLG"",""4SQ 1-1/2D BOX COMB KO"",""4IN SQ FLAT BLANK COVER""]","[""\""3/4\""\"" X 10FT EMT STL HDG PXP CONDUIT\""""]",0.9959278650378127,1.8401473299502202,0.10815591635605534
"[""3/4 STL S/SCR EMT CPLG"",""4SQ 1-1/2D BOX COMB KO"",""4IN SQ FLAT BLANK COVER""]","[""3/4 STL S/SCR EMT CONN""]",0.9755671902268761,5.176752616192163,0.1059447848884958
"[""3/4 STL S/SCR EMT CONN"",""\""3/4\""\"" X 10FT EMT STL HDG PXP CONDUIT\""""]","[""3/4 STL S/SCR EMT CPLG""]",0.9247681209206459,4.917082494475278,0.17006759744772254
"[""\""1-1/4\""\"" X 10FT EMT STL HDG PXP CONDUIT\"""",""\""1\""\"" X 10FT EMT STL HDG PXP CONDUIT\""""]","[""\""3/4\""\"" X 10FT EMT STL HDG PXP CONDUIT\""""]",0.9688637282652649,1.7901417012619212,0.15136774275064754
"[""4IN SQ 5/8D 2G SW RING"",""4IN SQ FLAT BLANK COVER""]","[""4IN SQ 5/8D 1G SW RING""]",0.9350024073182475,3.562867863611107,0.1226862088571609
"[""LOW PROF SELF TAP SCREW"",""4SQ 1-1/2D BOX COMB KO""]","[""\""3/4\""\"" X 10FT EMT STL HDG PXP CONDUIT\""""]",0.9165808444902163,1.6935401175949145,0.11245182892159959
"[""3/4 STL SET SCREW CONN""]","[""\""3/4\""\"" X 10FT EMT STL HDG PXP CONDUIT\""""]",0.9612864800476474,1.776141437221222,0.10196474824688863
"[""4SQ 1-1/2D BOX COMB KO"",""18-10      RED     WIRE CONN"",""4IN SQ FLAT BLANK COVER"",""12-1C THHN 600V CU-19STR PVC 90D NYL-BLK 500S/R WIRE""]","[""\""3/4\""\"" X 10FT EMT STL HDG PXP CONDUIT\""""]",0.9307201458523245,1.7196648988790062,0.12900372733590246
"[""4SQ 1-1/2D BOX COMB KO"",""10-1C THHN 600V CU-19STR PVC 90D NYL-BLK 500S/R WIRE""]","[""\""3/4\""\"" X 10FT EMT STL HDG PXP CONDUIT\""""]",0.9406926406926407,1.7380907913533103,0.1372796765430539
"[""GRND SCR W/12SOL PIGTAIL"",""4IN SQ 5/8D 1G SW RING"",""4SQ 1-1/2D BOX COMB KO"",""\""3/4\""\"" X 10FT EMT STL HDG PXP CONDUIT\""""]","[""4IN SQ FLAT BLANK COVER""]",0.9250572082379863,2.692668361382693,0.10215427380125087
"[""8-1C THHN 600V CU-19STR PVC 90D NYL-BLK 500S/R WIRE"",""\""1\""\"" X 10FT EMT STL HDG PXP CONDUIT\""""]","[""\""3/4\""\"" X 10FT EMT STL HDG PXP CONDUIT\""""]",0.9388032638259293,1.7345998439477803,0.13083580769473752
"[""GRND SCR W/12SOL PIGTAIL"",""4SQ 1-1/2D BOX COMB KO"",""\""3/4\""\"" X 10FT EMT STL HDG PXP CONDUIT\""""]","[""4IN SQ FLAT BLANK COVER""]",0.9178484107579462,2.6716849014136685,0.1185798218459789
"[""8-1C THHN 600V CU-19STR PVC 90D NYL-BLK 500S/R WIRE"",""10-1C THHN 600V CU-19STR PVC 90D NYL-BLK 500S/R WIRE"",""12-1C THHN 600V CU-19STR PVC 90D NYL-BLK 500S/R WIRE""]","[""\""3/4\""\"" X 10FT EMT STL HDG PXP CONDUIT\""""]",0.915918752952291,1.6923167900644116,0.12249668330279866
"[""LOW PROF SELF TAP SCREW"",""12-1C THHN 600V CU-19STR PVC 90D NYL-BLK 500S/R WIRE""]","[""\""3/4\""\"" X 10FT EMT STL HDG PXP CONDUIT\""""]",0.9367735936773594,1.7308496806722216,0.12729799734664224
"[""3/4 STL S/SCR EMT CPLG"",""10-1C THHN 600V CU-19STR PVC 90D NYL-BLK 500S/R WIRE"",""\""3/4\""\"" X 10FT EMT STL HDG PXP CONDUIT\""""]","[""3/4 STL S/SCR EMT CONN""]",0.9334119033588686,4.953059677595552,0.10006949270326616
"[""3/4 STL S/SCR EMT CPLG""]","[""3/4 STL S/SCR EMT CONN""]",0.923412831709775,4.900000574299037,0.17366858298060522
"[""3/4 STL S/SCR EMT CPLG""]","[""\""3/4\""\"" X 10FT EMT STL HDG PXP CONDUIT\""""]",0.9781659388646288,1.8073291287834958,0.18396613810095394
"[""4IN SQ 5/8D 1G SW RING"",""4SQ 1-1/2D BOX COMB KO"",""\""3/4\""\"" X 10FT EMT STL HDG PXP CONDUIT\""""]","[""4IN SQ FLAT BLANK COVER""]",0.9155462184873949,2.6649836506871964,0.1376587276517784
"[""3/4 STL S/SCR EMT CONN"",""12-1C THHN 600V CU-19STR PVC 90D NYL-BLK 500S/R WIRE"",""\""3/4\""\"" X 10FT EMT STL HDG PXP CONDUIT\""""]","[""3/4 STL S/SCR EMT CPLG""]",0.9570294255021018,5.088619004458438,0.12944595362941436
"[""4SQ 1-1/2D BOX COMB KO"",""18-10      RED     WIRE CONN"",""12-1C THHN 600V CU-19STR PVC 90D NYL-BLK 500S/R WIRE""]","[""\""3/4\""\"" X 10FT EMT STL HDG PXP CONDUIT\""""]",0.9122029802658075,1.6854512635260261,0.1430917935434961
"[""3/4 STL S/SCR EMT CPLG"",""\""1\""\"" X 10FT EMT STL HDG PXP CONDUIT\""""]","[""\""3/4\""\"" X 10FT EMT STL HDG PXP CONDUIT\""""]",0.9988045427375971,1.845462484766362,0.10556573377977131
"[""\""1/2\""\"" X 10FT EMT STL HDG PXP CONDUIT\"""",""\""1\""\"" X 10FT EMT STL HDG PXP CONDUIT\""""]","[""\""3/4\""\"" X 10FT EMT STL HDG PXP CONDUIT\""""]",0.9627722772277227,1.7788867020237684,0.1535788742182071
"[""3/4 STL S/SCR EMT CONN"",""4IN SQ 5/8D 1G SW RING""]","[""3/4 STL S/SCR EMT CPLG""]",0.9696100917431193,5.155511636614658,0.10682923747551962
"[""3/4 STL S/SCR EMT CONN"",""4IN SQ 5/8D 1G SW RING""]","[""\""3/4\""\"" X 10FT EMT STL HDG PXP CONDUIT\""""]",0.9959862385321101,1.8402551849801296,0.10973529597574073
"[""4IN SQ 5/8D 1G SW RING"",""10-1C THHN 600V CU-19STR PVC 90D NYL-BLK 500S/R WIRE"",""4IN SQ FLAT BLANK COVER""]","[""12-1C THHN 600V CU-19STR PVC 90D NYL-BLK 500S/R WIRE""]",0.9011689691817216,2.2222470187221486,0.10714511339945669
"[""4IN SQ 5/8D 1G SW RING"",""10-1C THHN 600V CU-19STR PVC 90D NYL-BLK 500S/R WIRE"",""4IN SQ FLAT BLANK COVER""]","[""\""3/4\""\"" X 10FT EMT STL HDG PXP CONDUIT\""""]",0.9665249734325186,1.7858204510871178,0.1149156611283088
"[""GRND SCR W/12SOL PIGTAIL"",""\""1\""\"" X 10FT EMT STL HDG PXP CONDUIT\""""]","[""\""3/4\""\"" X 10FT EMT STL HDG PXP CONDUIT\""""]",0.9587973273942093,1.7715423013100198,0.1087876682039295
"[""4SQ 1-1/2D BOX COMB KO"",""12-1C THHN 600V CU-19STR PVC 90D NYL-BLK 500S/R WIRE""]","[""\""3/4\""\"" X 10FT EMT STL HDG PXP CONDUIT\""""]",0.9007138221933809,1.6642230759307841,0.17537431296986544
"[""GRND SCR W/12SOL PIGTAIL"",""18-10      RED     WIRE CONN"",""12-1C THHN 600V CU-19STR PVC 90D NYL-BLK 500S/R WIRE"",""\""3/4\""\"" X 10FT EMT STL HDG PXP CONDUIT\""""]","[""4IN SQ FLAT BLANK COVER""]",0.9064935064935065,2.6386329007513263,0.11024069745404005
"[""4-11/16SQ 2-1/8D BOX"",""\""1\""\"" X 10FT EMT STL HDG PXP CONDUIT\""""]","[""\""3/4\""\"" X 10FT EMT STL HDG PXP CONDUIT\""""]",0.9274700171330669,1.713659729333409,0.10259650009476277
"[""4SQ 1-1/2D BOX COMB KO"",""\""1\""\"" X 10FT EMT STL HDG PXP CONDUIT\"""",""12-1C THHN 600V CU-19STR PVC 90D NYL-BLK 500S/R WIRE""]","[""\""3/4\""\"" X 10FT EMT STL HDG PXP CONDUIT\""""]",0.9886904761904762,1.8267750143129506,0.10493398193189715
"[""3/4 STL S/SCR EMT CONN"",""4IN SQ FLAT BLANK COVER"",""\""3/4\""\"" X 10FT EMT STL HDG PXP CONDUIT\""""]","[""3/4 STL S/SCR EMT CPLG""]",0.9709020368574199,5.16238103507427,0.12647671994440585
"[""4SQ 1-1/2D BOX COMB KO"",""18-10      RED     WIRE CONN"",""\""1\""\"" X 10FT EMT STL HDG PXP CONDUIT\""""]","[""\""3/4\""\"" X 10FT EMT STL HDG PXP CONDUIT\""""]",0.9775212636695019,1.8061379809296774,0.10164887232295154
"[""1/4-20 X 1/4 STEEL HEX NUT"",""4IN SQ FLAT BLANK COVER""]","[""\""3/4\""\"" X 10FT EMT STL HDG PXP CONDUIT\""""]",0.9470553242117787,1.7498469390624776,0.10057489418156548
"[""DPLX RCPT NEMA5-20R"",""8-10X7/8 PLSTC WALL ANCH""]","[""\""3/4\""\"" X 10FT EMT STL HDG PXP CONDUIT\""""]",0.9542994588093806,1.7632317186288882,0.10025901825762841
"[""3/4 STL S/SCR EMT CONN"",""18-10      RED     WIRE CONN"",""\""3/4\""\"" X 10FT EMT STL HDG PXP CONDUIT\""""]","[""3/4 STL S/SCR EMT CPLG""]",0.9407548972766364,5.002085747058071,0.12439193884642112
"[""4IN SQ 5/8D 1G SW RING"",""18-10      RED     WIRE CONN"",""4IN SQ FLAT BLANK COVER"",""12-1C THHN 600V CU-19STR PVC 90D NYL-BLK 500S/R WIRE"",""\""3/4\""\"" X 10FT EMT STL HDG PXP CONDUIT\""""]","[""4SQ 1-1/2D BOX COMB KO""]",0.9044406970207982,3.239002668131723,0.10164887232295154
"[""4IN SQ 5/8D 1G SW RING"",""18-10      RED     WIRE CONN"",""\""3/4\""\"" X 10FT EMT STL HDG PXP CONDUIT\""""]","[""4IN SQ FLAT BLANK COVER""]",0.9074889867841409,2.641530557522281,0.13014088066207594
"[""1/2&3/4 COND BOX SUPP""]","[""\""3/4\""\"" X 10FT EMT STL HDG PXP CONDUIT\""""]",0.9156101426307448,1.691746579631383,0.14599785204371724
"[""GRND SCR W/12SOL PIGTAIL"",""4SQ 1-1/2D BOX COMB KO"",""12-1C THHN 600V CU-19STR PVC 90D NYL-BLK 500S/R WIRE""]","[""18-10      RED     WIRE CONN""]",0.9141543178334185,2.668292217773406,0.11302040558468633
"[""GRND SCR W/12SOL PIGTAIL"",""4SQ 1-1/2D BOX COMB KO"",""12-1C THHN 600V CU-19STR PVC 90D NYL-BLK 500S/R WIRE""]","[""4IN SQ FLAT BLANK COVER""]",0.9151762902401636,2.6639068588105093,0.11314675595426117
"[""GRND SCR W/12SOL PIGTAIL"",""4SQ 1-1/2D BOX COMB KO"",""12-1C THHN 600V CU-19STR PVC 90D NYL-BLK 500S/R WIRE""]","[""\""3/4\""\"" X 10FT EMT STL HDG PXP CONDUIT\""""]",0.9248850281042412,1.70888351930221,0.11434708446522206
"[""12-1C THHN 600V CU-19STR PVC 90D NYL-GRN 500S/R WIRE"",""18-10      RED     WIRE CONN""]","[""12-1C THHN 600V CU-19STR PVC 90D NYL-BLK 500S/R WIRE""]",0.9676136363636364,2.3860969387755104,0.1075873396929686
"[""12-1C THHN 600V CU-19STR PVC 90D NYL-GRN 500S/R WIRE"",""18-10      RED     WIRE CONN""]","[""\""3/4\""\"" X 10FT EMT STL HDG PXP CONDUIT\""""]",0.9028409090909091,1.6681532333372242,0.10038536862720324
"[""3/4 STL S/SCR EMT CPLG"",""3/4 STL S/SCR EMT CONN"",""12-1C THHN 600V CU-19STR PVC 90D NYL-BLK 500S/R WIRE""]","[""\""3/4\""\"" X 10FT EMT STL HDG PXP CONDUIT\""""]",0.9869942196531792,1.8236408897969154,0.12944595362941436
"[""3/4 1H STL EMT STRAP"",""4IN SQ FLAT BLANK COVER""]","[""\""3/4\""\"" X 10FT EMT STL HDG PXP CONDUIT\""""]",0.9768211920529801,1.8048444786981,0.11182007707372545
"[""\""2\""\"" X 10FT EMT STL HDG PXP CONDUIT\"""",""\""1\""\"" X 10FT EMT STL HDG PXP CONDUIT\""""]","[""\""3/4\""\"" X 10FT EMT STL HDG PXP CONDUIT\""""]",0.945041816009558,1.746126637751289,0.14991471350053698
"[""LOW PROF SELF TAP SCREW"",""4IN SQ FLAT BLANK COVER""]","[""\""3/4\""\"" X 10FT EMT STL HDG PXP CONDUIT\""""]",0.9187192118226601,1.6974911175371643,0.11782171962852991
"[""4IN SQ 5/8D 1G SW RING"",""10-1C THHN 600V CU-19STR PVC 90D NYL-BLK 500S/R WIRE"",""12-1C THHN 600V CU-19STR PVC 90D NYL-BLK 500S/R WIRE"",""\""3/4\""\"" X 10FT EMT STL HDG PXP CONDUIT\""""]","[""4IN SQ FLAT BLANK COVER""]",0.9276905829596412,2.7003336222265832,0.10455493082317266
"[""8-10X7/8 PLSTC WALL ANCH"",""4IN SQ FLAT BLANK COVER"",""12-1C THHN 600V CU-19STR PVC 90D NYL-BLK 500S/R WIRE"",""\""3/4\""\"" X 10FT EMT STL HDG PXP CONDUIT\""""]","[""18-10      RED     WIRE CONN""]",0.9368070953436807,2.734412596753664,0.1067660622907322
"[""DPLX RCPT NEMA5-20R"",""4IN SQ 5/8D 1G SW RING"",""4SQ 1-1/2D BOX COMB KO""]","[""4IN SQ FLAT BLANK COVER""]",0.925260718424102,2.6932607414371295,0.10089077010550256
"[""3/4 STL S/SCR EMT CPLG"",""4SQ 1-1/2D BOX COMB KO"",""12-1C THHN 600V CU-19STR PVC 90D NYL-BLK 500S/R WIRE""]","[""\""3/4\""\"" X 10FT EMT STL HDG PXP CONDUIT\""""]",0.9938537185003073,1.8363149889274384,0.10215427380125087
"[""3/4 STL S/SCR EMT CONN"",""4SQ 1-1/2D BOX COMB KO"",""4IN SQ FLAT BLANK COVER""]","[""\""3/4\""\"" X 10FT EMT STL HDG PXP CONDUIT\""""]",0.9930273097036607,1.834788057114421,0.1079663908016931
"[""3/4 STL S/SCR EMT CONN"",""4SQ 1-1/2D BOX COMB KO"",""4IN SQ FLAT BLANK COVER""]","[""3/4 STL S/SCR EMT CPLG""]",0.9744334689134224,5.181158004511442,0.1059447848884958
"[""GRND SCR W/12SOL PIGTAIL"",""18-10      RED     WIRE CONN"",""12-1C THHN 600V CU-19STR PVC 90D NYL-BLK 500S/R WIRE""]","[""\""3/4\""\"" X 10FT EMT STL HDG PXP CONDUIT\""""]",0.9024847632442569,1.6674951928788773,0.12161223071577484
"[""3/4 STL S/SCR EMT CPLG"",""4IN SQ FLAT BLANK COVER"",""12-1C THHN 600V CU-19STR PVC 90D NYL-BLK 500S/R WIRE"",""\""3/4\""\"" X 10FT EMT STL HDG PXP CONDUIT\""""]","[""3/4 STL S/SCR EMT CONN""]",0.9720767888307156,5.158231139926717,0.10556573377977131
"[""3/4 STL S/SCR EMT CPLG"",""4IN SQ 5/8D 1G SW RING""]","[""\""3/4\""\"" X 10FT EMT STL HDG PXP CONDUIT\""""]",0.995958429561201,1.8402038031427863,0.10897719375829175
"[""3/4 STL S/SCR EMT CPLG"",""4IN SQ 5/8D 1G SW RING""]","[""3/4 STL S/SCR EMT CONN""]",0.9763279445727483,5.180789485297362,0.10682923747551962
"[""DPLX RCPT NEMA5-20R"",""4SQ 1-1/2D BOX COMB KO"",""4IN SQ FLAT BLANK COVER""]","[""\""3/4\""\"" X 10FT EMT STL HDG PXP CONDUIT\""""]",0.9141201264488936,1.6889935195003545,0.1096089456061659
"[""DPLX RCPT NEMA5-20R"",""12-1C THHN 600V CU-19STR PVC 90D NYL-BLK 500S/R WIRE""]","[""\""3/4\""\"" X 10FT EMT STL HDG PXP CONDUIT\""""]",0.9269709543568465,1.712737625366467,0.14113336281508623
"[""12-2C MC 600V CU-1SOL WGG-12 THHN BK/WT 1000RL STL IAC"",""12-1C THHN 600V CU-19STR PVC 90D NYL-BLK 500S/R WIRE""]","[""\""3/4\""\"" X 10FT EMT STL HDG PXP CONDUIT\""""]",0.9372654155495979,1.731758405828713,0.1104302230084023
"[""GRND SCR W/12SOL PIGTAIL"",""4SQ 1-1/2D BOX COMB KO"",""4IN SQ FLAT BLANK COVER"",""12-1C THHN 600V CU-19STR PVC 90D NYL-BLK 500S/R WIRE""]","[""18-10      RED     WIRE CONN""]",0.9235064209938582,2.695589735923249,0.10449175563838524
"[""GRND SCR W/12SOL PIGTAIL"",""4SQ 1-1/2D BOX COMB KO"",""4IN SQ FLAT BLANK COVER"",""12-1C THHN 600V CU-19STR PVC 90D NYL-BLK 500S/R WIRE""]","[""\""3/4\""\"" X 10FT EMT STL HDG PXP CONDUIT\""""]",0.9413735343383585,1.7393488589987016,0.10651336155158254
"[""4IN SQ 5/8D 1G SW RING"",""10-1C THHN 600V CU-19STR PVC 90D NYL-BLK 500S/R WIRE"",""\""3/4\""\"" X 10FT EMT STL HDG PXP CONDUIT\""""]","[""4IN SQ FLAT BLANK COVER""]",0.9090454772613693,2.646061209924644,0.1149156611283088
"[""3/4 STL S/SCR EMT CPLG"",""18-10      RED     WIRE CONN"",""4IN SQ FLAT BLANK COVER""]","[""\""3/4\""\"" X 10FT EMT STL HDG PXP CONDUIT\""""]",0.9959560947429231,1.840199489166071,0.10891401857350433
"[""3/4 STL S/SCR EMT CPLG"",""18-10      RED     WIRE CONN"",""4IN SQ FLAT BLANK COVER""]","[""3/4 STL S/SCR EMT CONN""]",0.9693818601964183,5.1439307626715065,0.10600796007328321
"[""3/4 STL S/SCR EMT CONN"",""18-10      RED     WIRE CONN"",""4IN SQ FLAT BLANK COVER"",""\""3/4\""\"" X 10FT EMT STL HDG PXP CONDUIT\""""]","[""3/4 STL S/SCR EMT CPLG""]",0.9732090856144437,5.174647838828025,0.10556573377977131
"[""3/4 STL S/SCR EMT CONN"",""18-10      RED     WIRE CONN"",""4IN SQ FLAT BLANK COVER""]","[""3/4 STL S/SCR EMT CPLG""]",0.9705031810294968,5.16026027964928,0.10600796007328321
"[""3/4 STL S/SCR EMT CONN"",""18-10      RED     WIRE CONN"",""4IN SQ FLAT BLANK COVER""]","[""\""3/4\""\"" X 10FT EMT STL HDG PXP CONDUIT\""""]",0.9930595720069404,1.8348476672461609,0.10847179227999242
"[""3/4 1H STL EMT STRAP"",""3/4 STL S/SCR EMT CONN""]","[""\""3/4\""\"" X 10FT EMT STL HDG PXP CONDUIT\""""]",0.9855769230769231,1.821022191593862,0.10360730305136143
"[""DPLX RCPT NEMA5-20R"",""10-1C THHN 600V CU-19STR PVC 90D NYL-BLK 500S/R WIRE""]","[""12-1C THHN 600V CU-19STR PVC 90D NYL-BLK 500S/R WIRE""]",0.9025612472160356,2.225680321262288,0.10240697454040053
"[""DPLX RCPT NEMA5-20R"",""10-1C THHN 600V CU-19STR PVC 90D NYL-BLK 500S/R WIRE""]","[""\""3/4\""\"" X 10FT EMT STL HDG PXP CONDUIT\""""]",0.9370824053452116,1.7314202631270403,0.1063238359972203
"[""4IN SQ 5/8D 1G SW RING"",""4SQ 1-1/2D BOX COMB KO"",""12-1C THHN 600V CU-19STR PVC 90D NYL-BLK 500S/R WIRE""]","[""4IN SQ FLAT BLANK COVER""]",0.9222648752399232,2.684540402753355,0.1214227051614126
"[""4IN SQ 5/8D 1G SW RING"",""4SQ 1-1/2D BOX COMB KO"",""12-1C THHN 600V CU-19STR PVC 90D NYL-BLK 500S/R WIRE""]","[""\""3/4\""\"" X 10FT EMT STL HDG PXP CONDUIT\""""]",0.946257197696737,1.7483722636093906,0.12458146440078337
"[""3/4 STL S/SCR EMT CPLG"",""4SQ 1-1/2D BOX COMB KO"",""18-10      RED     WIRE CONN"",""\""3/4\""\"" X 10FT EMT STL HDG PXP CONDUIT\""""]","[""3/4 STL S/SCR EMT CONN""]",0.9618366129994037,5.10389264068641,0.10190157306210121
"[""GRND SCR W/12SOL PIGTAIL"",""4IN SQ 5/8D 1G SW RING"",""18-10      RED     WIRE CONN"",""12-1C THHN 600V CU-19STR PVC 90D NYL-BLK 500S/R WIRE""]","[""\""3/4\""\"" X 10FT EMT STL HDG PXP CONDUIT\""""]",0.9602106495026331,1.7741536560029392,0.10367047823614885
"[""3/4 STL S/SCR EMT CPLG"",""4IN SQ FLAT BLANK COVER"",""\""3/4\""\"" X 10FT EMT STL HDG PXP CONDUIT\""""]","[""3/4 STL S/SCR EMT CONN""]",0.9551526717557252,5.068424955152992,0.12647671994440585
"[""3/4 STL S/SCR EMT CPLG"",""10-1C THHN 600V CU-19STR PVC 90D NYL-BLK 500S/R WIRE""]","[""3/4 STL S/SCR EMT CONN""]",0.9343786295005807,4.958189516045824,0.10164887232295154
"[""3/4 STL S/SCR EMT CPLG"",""10-1C THHN 600V CU-19STR PVC 90D NYL-BLK 500S/R WIRE""]","[""\""3/4\""\"" X 10FT EMT STL HDG PXP CONDUIT\""""]",0.9854819976771196,1.8208468006573044,0.10720828858424411
"[""3/4 STL S/SCR EMT CPLG"",""4IN SQ FLAT BLANK COVER"",""12-1C THHN 600V CU-19STR PVC 90D NYL-BLK 500S/R WIRE""]","[""\""3/4\""\"" X 10FT EMT STL HDG PXP CONDUIT\""""]",0.9976784677887406,1.8433818684052732,0.10859814264956726
"[""3/4 STL S/SCR EMT CPLG"",""4IN SQ FLAT BLANK COVER"",""12-1C THHN 600V CU-19STR PVC 90D NYL-BLK 500S/R WIRE""]","[""3/4 STL S/SCR EMT CONN""]",0.9721416134648868,5.158575125556719,0.10581843451892096
"[""GRND SCR W/12SOL PIGTAIL"",""4SQ 1-1/2D BOX COMB KO"",""18-10      RED     WIRE CONN"",""\""3/4\""\"" X 10FT EMT STL HDG PXP CONDUIT\""""]","[""4IN SQ FLAT BLANK COVER""]",0.9335529928610653,2.7173979999995956,0.10739781413860636
"[""GRND SCR W/12SOL PIGTAIL"",""4SQ 1-1/2D BOX COMB KO"",""18-10      RED     WIRE CONN"",""\""3/4\""\"" X 10FT EMT STL HDG PXP CONDUIT\""""]","[""12-1C THHN 600V CU-19STR PVC 90D NYL-BLK 500S/R WIRE""]",0.9170785282811642,2.261479361919699,0.10550255859498389
"[""8-10X7/8 PLSTC WALL ANCH"",""18-10      RED     WIRE CONN"",""\""1\""\"" X 10FT EMT STL HDG PXP CONDUIT\""""]","[""\""3/4\""\"" X 10FT EMT STL HDG PXP CONDUIT\""""]",0.9830815709969789,1.8164116011802474,0.10278602564912502
"[""2 EMT 90 ELBOW"",""\""3/4\""\"" X 10FT EMT STL HDG PXP CONDUIT\""""]","[""\""2\""\"" X 10FT EMT STL HDG PXP CONDUIT\""""]",0.9930475086906141,4.774893382461643,0.10828226672563017
"[""8-10X7/8 PLSTC WALL ANCH"",""4SQ 1-1/2D BOX COMB KO"",""18-10      RED     WIRE CONN""]","[""4IN SQ FLAT BLANK COVER""]",0.907928388746803,2.6428095743790263,0.11213595299766252
"[""8-10X7/8 PLSTC WALL ANCH"",""4SQ 1-1/2D BOX COMB KO"",""18-10      RED     WIRE CONN""]","[""12-1C THHN 600V CU-19STR PVC 90D NYL-BLK 500S/R WIRE""]",0.9186700767263427,2.265404057407895,0.11346263187819824
"[""8-10X7/8 PLSTC WALL ANCH"",""4SQ 1-1/2D BOX COMB KO"",""18-10      RED     WIRE CONN""]","[""\""3/4\""\"" X 10FT EMT STL HDG PXP CONDUIT\""""]",0.9089514066496164,1.6794434242858385,0.11226230336723735
"[""8-10X7/8 PLSTC WALL ANCH"",""4IN SQ FLAT BLANK COVER"",""12-1C THHN 600V CU-19STR PVC 90D NYL-BLK 500S/R WIRE""]","[""18-10      RED     WIRE CONN""]",0.9365495542737283,2.7336608693709836,0.11283088003032408
"[""8-10X7/8 PLSTC WALL ANCH"",""4IN SQ FLAT BLANK COVER"",""12-1C THHN 600V CU-19STR PVC 90D NYL-BLK 500S/R WIRE""]","[""\""3/4\""\"" X 10FT EMT STL HDG PXP CONDUIT\""""]",0.9459884635553225,1.747875731249819,0.11396803335649756
"[""8-10X7/8 PLSTC WALL ANCH"",""4IN SQ FLAT BLANK COVER"",""12-1C THHN 600V CU-19STR PVC 90D NYL-BLK 500S/R WIRE""]","[""4SQ 1-1/2D BOX COMB KO""]",0.9008914525432616,3.226292036721106,0.10853496746477984
"[""3/4 STL S/SCR EMT CPLG"",""3/4 STL S/SCR EMT CONN"",""4IN SQ 5/8D 1G SW RING""]","[""\""3/4\""\"" X 10FT EMT STL HDG PXP CONDUIT\""""]",0.9958604376108812,1.8400227462288594,0.1063870111820077
"[""3/4 STL S/SCR EMT CPLG"",""3/4 STL S/SCR EMT CONN"",""18-10      RED     WIRE CONN""]","[""\""3/4\""\"" X 10FT EMT STL HDG PXP CONDUIT\""""]",0.9964574898785425,1.8411259025665285,0.12439193884642112
"[""3/4 STL S/SCR EMT CONN"",""10-1C THHN 600V CU-19STR PVC 90D NYL-BLK 500S/R WIRE"",""\""3/4\""\"" X 10FT EMT STL HDG PXP CONDUIT\""""]","[""3/4 STL S/SCR EMT CPLG""]",0.9646772228989038,5.129283090784933,0.10006949270326616
"[""3/4 STL S/SCR EMT CPLG"",""12-1C THHN 600V CU-19STR PVC 90D NYL-BLK 500S/R WIRE""]","[""\""3/4\""\"" X 10FT EMT STL HDG PXP CONDUIT\""""]",0.9877049180327869,1.8249540267936248,0.13702697580390422
"[""3/4 STL S/SCR EMT CPLG"",""12-1C THHN 600V CU-19STR PVC 90D NYL-BLK 500S/R WIRE""]","[""3/4 STL S/SCR EMT CONN""]",0.9453551912568307,5.016435575730597,0.13115168361867457
"[""10-1C THHN 600V CU-19STR PVC 90D NYL-BLK 500S/R WIRE"",""4IN SQ FLAT BLANK COVER""]","[""\""3/4\""\"" X 10FT EMT STL HDG PXP CONDUIT\""""]",0.9476262245666918,1.7509017752616043,0.15888558974035
"[""18-10      RED     WIRE CONN"",""4IN SQ FLAT BLANK COVER"",""12-1C THHN 600V CU-19STR PVC 90D NYL-BLK 500S/R WIRE""]","[""\""3/4\""\"" X 10FT EMT STL HDG PXP CONDUIT\""""]",0.9146341463414634,1.6899432593018588,0.14688230463074103
"[""3/4 STL S/SCR EMT CPLG"",""4SQ 1-1/2D BOX COMB KO"",""18-10      RED     WIRE CONN""]","[""\""3/4\""\"" X 10FT EMT STL HDG PXP CONDUIT\""""]",0.9958432304038005,1.8399909529662377,0.1059447848884958
"[""3/4 STL S/SCR EMT CPLG"",""4SQ 1-1/2D BOX COMB KO"",""18-10      RED     WIRE CONN""]","[""3/4 STL S/SCR EMT CONN""]",0.9619952494061758,5.10473442938329,0.10234379935561312
"[""\""2\""\"" X 10FT EMT STL HDG PXP CONDUIT\"""",""18-10      RED     WIRE CONN""]","[""\""3/4\""\"" X 10FT EMT STL HDG PXP CONDUIT\""""]",0.970856102003643,1.7938229530308936,0.1010171204750774
"[""GRND SCR W/12SOL PIGTAIL"",""4SQ 1-1/2D BOX COMB KO"",""18-10      RED     WIRE CONN"",""12-1C THHN 600V CU-19STR PVC 90D NYL-BLK 500S/R WIRE""]","[""4IN SQ FLAT BLANK COVER""]",0.9245388485187256,2.6911595132774746,0.10449175563838524
"[""GRND SCR W/12SOL PIGTAIL"",""4SQ 1-1/2D BOX COMB KO"",""18-10      RED     WIRE CONN"",""12-1C THHN 600V CU-19STR PVC 90D NYL-BLK 500S/R WIRE""]","[""\""3/4\""\"" X 10FT EMT STL HDG PXP CONDUIT\""""]",0.9334823923979877,1.7247686225362142,0.10550255859498389
"[""4IN SQ 5/8D 1G SW RING"",""10-1C THHN 600V CU-19STR PVC 90D NYL-BLK 500S/R WIRE"",""4IN SQ FLAT BLANK COVER"",""12-1C THHN 600V CU-19STR PVC 90D NYL-BLK 500S/R WIRE""]","[""\""3/4\""\"" X 10FT EMT STL HDG PXP CONDUIT\""""]",0.9758254716981132,1.8030047147787363,0.10455493082317266
"[""4IN SQ 5/8D 1G SW RING"",""18-10      RED     WIRE CONN"",""12-1C THHN 600V CU-19STR PVC 90D NYL-BLK 500S/R WIRE""]","[""4IN SQ FLAT BLANK COVER""]",0.9058185404339251,2.6366682009063256,0.11605281445448228
"[""4IN SQ 5/8D 1G SW RING"",""18-10      RED     WIRE CONN"",""12-1C THHN 600V CU-19STR PVC 90D NYL-BLK 500S/R WIRE""]","[""\""3/4\""\"" X 10FT EMT STL HDG PXP CONDUIT\""""]",0.9526627218934911,1.760207566808926,0.12205445700928676
"[""1 PVC COND COUPLING""]","[""1X10FT SCH 40 PVC CONDUIT""]",0.952195664257921,6.2670707565649195,0.10821909154084276
"[""\""2\""\"" X 10FT EMT STL HDG PXP CONDUIT\"""",""12-1C THHN 600V CU-19STR PVC 90D NYL-BLK 500S/R WIRE""]","[""\""3/4\""\"" X 10FT EMT STL HDG PXP CONDUIT\""""]",0.961139896373057,1.7758705987730967,0.11718996778065575
"[""8-10X7/8 PLSTC WALL ANCH"",""10-1C THHN 600V CU-19STR PVC 90D NYL-BLK 500S/R WIRE""]","[""\""3/4\""\"" X 10FT EMT STL HDG PXP CONDUIT\""""]",0.9152267818574514,1.691038254934236,0.10708193821466928
"[""8-10X7/8 PLSTC WALL ANCH"",""4SQ 1-1/2D BOX COMB KO"",""4IN SQ FLAT BLANK COVER"",""12-1C THHN 600V CU-19STR PVC 90D NYL-BLK 500S/R WIRE""]","[""18-10      RED     WIRE CONN""]",0.9551804423748544,2.78804189975135,0.10367047823614885
"[""8-10X7/8 PLSTC WALL ANCH"",""4SQ 1-1/2D BOX COMB KO"",""4IN SQ FLAT BLANK COVER"",""12-1C THHN 600V CU-19STR PVC 90D NYL-BLK 500S/R WIRE""]","[""\""3/4\""\"" X 10FT EMT STL HDG PXP CONDUIT\""""]",0.940046565774156,1.73689705727082,0.10202792343167603
